{
    "hero": {
        "base_speed": 10,
        "base_power": 70,
        "base_range": 10,
        "level_speed_coeff": 50,
        "level_power_coeff": 50,
        "level_range_coeff": 50
    },
    "start_x": 46,
    "start_y": 44,
    "width": 100,
    "height": 100,
    "num_turns": 14,
    "monsters": [
        {
            "x": 80,
            "y": 59,
            "hp": 55,
            "gold": 154,
            "exp": 55,
            "range": 8,
            "attack": 29
        },
        {
            "x": 7,
            "y": 6,
            "hp": 61,
            "gold": 777,
            "exp": 77,
            "range": 19,
            "attack": 23
        },
        {
            "x": 50,
            "y": 80,
            "hp": 54,
            "gold": 171,
            "exp": 44,
            "range": 7,
            "attack": 15
        },
        {
            "x": 40,
            "y": 70,
            "hp": 73,
            "gold": 227,
            "exp": 67,
            "range": 9,
            "attack": 20
        },
        {
            "x": 50,
            "y": 60,
            "hp": 70,
            "gold": 177,
            "exp": 90,
            "range": 5,
            "attack": 36
        },
        {
            "x": 63,
            "y": 81,
            "hp": 51,
            "gold": 170,
            "exp": 41,
            "range": 10,
            "attack": 20
        },
        {
            "x": 60,
            "y": 70,
            "hp": 91,
            "gold": 238,
            "exp": 285,
            "range": 8,
            "attack": 41
        }
    ]
}