{
    "hero": {
        "base_speed": 42,
        "base_power": 25,
        "base_range": 25,
        "level_speed_coeff": 22,
        "level_power_coeff": 23,
        "level_range_coeff": 32
    },
    "start_x": 971,
    "start_y": 770,
    "width": 1500,
    "height": 1500,
    "num_turns": 1515,
    "monsters": [
        {
            "x": 397,
            "y": 360,
            "hp": 680,
            "gold": 2575,
            "exp": 322,
            "range": 9,
            "attack": 13
        },
        {
            "x": 414,
            "y": 365,
            "hp": 391,
            "gold": 408,
            "exp": 102,
            "range": 14,
            "attack": 25
        },
        {
            "x": 413,
            "y": 348,
            "hp": 358,
            "gold": 936,
            "exp": 34,
            "range": 33,
            "attack": 4
        },
        {
            "x": 410,
            "y": 355,
            "hp": 251,
            "gold": 595,
            "exp": 147,
            "range": 26,
            "attack": 26
        },
        {
            "x": 409,
            "y": 357,
            "hp": 354,
            "gold": 1239,
            "exp": 23,
            "range": 30,
            "attack": 23
        },
        {
            "x": 416,
            "y": 341,
            "hp": 431,
            "gold": 1090,
            "exp": 215,
            "range": 24,
            "attack": 49
        },
        {
            "x": 415,
            "y": 341,
            "hp": 108,
            "gold": 103,
            "exp": 31,
            "range": 10,
            "attack": 37
        },
        {
            "x": 420,
            "y": 346,
            "hp": 282,
            "gold": 415,
            "exp": 34,
            "range": 7,
            "attack": 39
        },
        {
            "x": 578,
            "y": 1260,
            "hp": 598,
            "gold": 405,
            "exp": 66,
            "range": 12,
            "attack": 6
        },
        {
            "x": 604,
            "y": 1280,
            "hp": 383,
            "gold": 1123,
            "exp": 243,
            "range": 7,
            "attack": 13
        },
        {
            "x": 602,
            "y": 1246,
            "hp": 156,
            "gold": 685,
            "exp": 14,
            "range": 12,
            "attack": 6
        },
        {
            "x": 589,
            "y": 1246,
            "hp": 296,
            "gold": 1455,
            "exp": 90,
            "range": 14,
            "attack": 40
        },
        {
            "x": 577,
            "y": 1250,
            "hp": 271,
            "gold": 299,
            "exp": 24,
            "range": 31,
            "attack": 34
        },
        {
            "x": 578,
            "y": 1278,
            "hp": 346,
            "gold": 870,
            "exp": 47,
            "range": 17,
            "attack": 3
        },
        {
            "x": 567,
            "y": 1279,
            "hp": 110,
            "gold": 197,
            "exp": 22,
            "range": 20,
            "attack": 29
        },
        {
            "x": 532,
            "y": 601,
            "hp": 836,
            "gold": 1154,
            "exp": 45,
            "range": 11,
            "attack": 4
        },
        {
            "x": 553,
            "y": 591,
            "hp": 394,
            "gold": 394,
            "exp": 133,
            "range": 26,
            "attack": 9
        },
        {
            "x": 545,
            "y": 610,
            "hp": 130,
            "gold": 720,
            "exp": 117,
            "range": 27,
            "attack": 39
        },
        {
            "x": 531,
            "y": 605,
            "hp": 110,
            "gold": 358,
            "exp": 49,
            "range": 8,
            "attack": 4
        },
        {
            "x": 548,
            "y": 603,
            "hp": 199,
            "gold": 1184,
            "exp": 111,
            "range": 21,
            "attack": 11
        },
        {
            "x": 560,
            "y": 609,
            "hp": 138,
            "gold": 298,
            "exp": 46,
            "range": 29,
            "attack": 38
        },
        {
            "x": 529,
            "y": 584,
            "hp": 370,
            "gold": 2616,
            "exp": 30,
            "range": 32,
            "attack": 45
        },
        {
            "x": 565,
            "y": 600,
            "hp": 151,
            "gold": 978,
            "exp": 73,
            "range": 29,
            "attack": 42
        },
        {
            "x": 703,
            "y": 585,
            "hp": 606,
            "gold": 1866,
            "exp": 75,
            "range": 28,
            "attack": 16
        },
        {
            "x": 732,
            "y": 582,
            "hp": 461,
            "gold": 406,
            "exp": 68,
            "range": 34,
            "attack": 8
        },
        {
            "x": 736,
            "y": 580,
            "hp": 148,
            "gold": 237,
            "exp": 38,
            "range": 5,
            "attack": 20
        },
        {
            "x": 719,
            "y": 582,
            "hp": 144,
            "gold": 405,
            "exp": 23,
            "range": 25,
            "attack": 3
        },
        {
            "x": 726,
            "y": 561,
            "hp": 398,
            "gold": 1296,
            "exp": 89,
            "range": 30,
            "attack": 38
        },
        {
            "x": 704,
            "y": 565,
            "hp": 191,
            "gold": 190,
            "exp": 26,
            "range": 16,
            "attack": 44
        },
        {
            "x": 721,
            "y": 560,
            "hp": 102,
            "gold": 241,
            "exp": 65,
            "range": 33,
            "attack": 22
        },
        {
            "x": 1205,
            "y": 1485,
            "hp": 683,
            "gold": 4467,
            "exp": 39,
            "range": 10,
            "attack": 36
        },
        {
            "x": 1227,
            "y": 1458,
            "hp": 356,
            "gold": 634,
            "exp": 49,
            "range": 34,
            "attack": 26
        },
        {
            "x": 1225,
            "y": 1451,
            "hp": 408,
            "gold": 406,
            "exp": 102,
            "range": 12,
            "attack": 24
        },
        {
            "x": 1219,
            "y": 1475,
            "hp": 398,
            "gold": 320,
            "exp": 41,
            "range": 32,
            "attack": 47
        },
        {
            "x": 1210,
            "y": 1471,
            "hp": 277,
            "gold": 893,
            "exp": 33,
            "range": 11,
            "attack": 1
        },
        {
            "x": 1234,
            "y": 1471,
            "hp": 100,
            "gold": 112,
            "exp": 33,
            "range": 5,
            "attack": 13
        },
        {
            "x": 1206,
            "y": 1471,
            "hp": 164,
            "gold": 251,
            "exp": 82,
            "range": 32,
            "attack": 30
        },
        {
            "x": 802,
            "y": 832,
            "hp": 865,
            "gold": 2420,
            "exp": 56,
            "range": 28,
            "attack": 38
        },
        {
            "x": 780,
            "y": 822,
            "hp": 288,
            "gold": 317,
            "exp": 34,
            "range": 28,
            "attack": 17
        },
        {
            "x": 795,
            "y": 838,
            "hp": 120,
            "gold": 104,
            "exp": 72,
            "range": 19,
            "attack": 20
        },
        {
            "x": 783,
            "y": 817,
            "hp": 305,
            "gold": 633,
            "exp": 130,
            "range": 27,
            "attack": 4
        },
        {
            "x": 787,
            "y": 825,
            "hp": 203,
            "gold": 475,
            "exp": 26,
            "range": 9,
            "attack": 44
        },
        {
            "x": 797,
            "y": 829,
            "hp": 380,
            "gold": 351,
            "exp": 48,
            "range": 26,
            "attack": 40
        },
        {
            "x": 792,
            "y": 811,
            "hp": 340,
            "gold": 1320,
            "exp": 60,
            "range": 21,
            "attack": 23
        },
        {
            "x": 780,
            "y": 843,
            "hp": 161,
            "gold": 585,
            "exp": 30,
            "range": 18,
            "attack": 29
        },
        {
            "x": 819,
            "y": 266,
            "hp": 940,
            "gold": 5398,
            "exp": 113,
            "range": 20,
            "attack": 41
        },
        {
            "x": 822,
            "y": 283,
            "hp": 452,
            "gold": 2105,
            "exp": 48,
            "range": 7,
            "attack": 48
        },
        {
            "x": 808,
            "y": 254,
            "hp": 302,
            "gold": 1648,
            "exp": 59,
            "range": 5,
            "attack": 30
        },
        {
            "x": 807,
            "y": 253,
            "hp": 426,
            "gold": 485,
            "exp": 91,
            "range": 7,
            "attack": 22
        },
        {
            "x": 792,
            "y": 273,
            "hp": 481,
            "gold": 314,
            "exp": 24,
            "range": 14,
            "attack": 45
        },
        {
            "x": 793,
            "y": 277,
            "hp": 406,
            "gold": 1447,
            "exp": 41,
            "range": 11,
            "attack": 39
        },
        {
            "x": 1257,
            "y": 855,
            "hp": 879,
            "gold": 642,
            "exp": 55,
            "range": 29,
            "attack": 3
        },
        {
            "x": 1285,
            "y": 873,
            "hp": 249,
            "gold": 431,
            "exp": 175,
            "range": 25,
            "attack": 12
        },
        {
            "x": 1280,
            "y": 864,
            "hp": 481,
            "gold": 472,
            "exp": 66,
            "range": 34,
            "attack": 27
        },
        {
            "x": 1258,
            "y": 866,
            "hp": 340,
            "gold": 2409,
            "exp": 34,
            "range": 34,
            "attack": 42
        },
        {
            "x": 1264,
            "y": 864,
            "hp": 303,
            "gold": 580,
            "exp": 66,
            "range": 33,
            "attack": 29
        },
        {
            "x": 1286,
            "y": 886,
            "hp": 101,
            "gold": 447,
            "exp": 77,
            "range": 17,
            "attack": 24
        },
        {
            "x": 1256,
            "y": 858,
            "hp": 440,
            "gold": 398,
            "exp": 137,
            "range": 34,
            "attack": 27
        },
        {
            "x": 327,
            "y": 1270,
            "hp": 681,
            "gold": 3911,
            "exp": 363,
            "range": 9,
            "attack": 40
        },
        {
            "x": 345,
            "y": 1270,
            "hp": 180,
            "gold": 162,
            "exp": 15,
            "range": 13,
            "attack": 24
        },
        {
            "x": 347,
            "y": 1268,
            "hp": 192,
            "gold": 228,
            "exp": 87,
            "range": 24,
            "attack": 26
        },
        {
            "x": 334,
            "y": 1270,
            "hp": 362,
            "gold": 262,
            "exp": 199,
            "range": 21,
            "attack": 37
        },
        {
            "x": 333,
            "y": 1252,
            "hp": 428,
            "gold": 373,
            "exp": 30,
            "range": 20,
            "attack": 27
        },
        {
            "x": 829,
            "y": 1194,
            "hp": 870,
            "gold": 720,
            "exp": 61,
            "range": 12,
            "attack": 49
        },
        {
            "x": 810,
            "y": 1188,
            "hp": 377,
            "gold": 741,
            "exp": 62,
            "range": 22,
            "attack": 41
        },
        {
            "x": 835,
            "y": 1196,
            "hp": 161,
            "gold": 847,
            "exp": 49,
            "range": 30,
            "attack": 2
        },
        {
            "x": 815,
            "y": 1194,
            "hp": 343,
            "gold": 2204,
            "exp": 183,
            "range": 32,
            "attack": 33
        },
        {
            "x": 843,
            "y": 1180,
            "hp": 233,
            "gold": 1214,
            "exp": 65,
            "range": 29,
            "attack": 45
        },
        {
            "x": 339,
            "y": 124,
            "hp": 899,
            "gold": 1044,
            "exp": 251,
            "range": 12,
            "attack": 14
        },
        {
            "x": 372,
            "y": 88,
            "hp": 361,
            "gold": 556,
            "exp": 31,
            "range": 20,
            "attack": 50
        },
        {
            "x": 340,
            "y": 100,
            "hp": 259,
            "gold": 332,
            "exp": 55,
            "range": 15,
            "attack": 41
        },
        {
            "x": 343,
            "y": 108,
            "hp": 149,
            "gold": 351,
            "exp": 21,
            "range": 12,
            "attack": 2
        },
        {
            "x": 359,
            "y": 96,
            "hp": 140,
            "gold": 608,
            "exp": 44,
            "range": 17,
            "attack": 10
        },
        {
            "x": 369,
            "y": 87,
            "hp": 182,
            "gold": 731,
            "exp": 34,
            "range": 9,
            "attack": 13
        },
        {
            "x": 369,
            "y": 126,
            "hp": 433,
            "gold": 1559,
            "exp": 84,
            "range": 25,
            "attack": 21
        },
        {
            "x": 951,
            "y": 1291,
            "hp": 797,
            "gold": 2423,
            "exp": 130,
            "range": 10,
            "attack": 22
        },
        {
            "x": 985,
            "y": 1272,
            "hp": 403,
            "gold": 590,
            "exp": 116,
            "range": 26,
            "attack": 12
        },
        {
            "x": 982,
            "y": 1302,
            "hp": 155,
            "gold": 425,
            "exp": 64,
            "range": 5,
            "attack": 11
        },
        {
            "x": 965,
            "y": 1274,
            "hp": 383,
            "gold": 1718,
            "exp": 108,
            "range": 34,
            "attack": 29
        },
        {
            "x": 965,
            "y": 1300,
            "hp": 312,
            "gold": 1126,
            "exp": 160,
            "range": 5,
            "attack": 14
        },
        {
            "x": 987,
            "y": 1307,
            "hp": 348,
            "gold": 1842,
            "exp": 22,
            "range": 18,
            "attack": 11
        },
        {
            "x": 962,
            "y": 1288,
            "hp": 115,
            "gold": 145,
            "exp": 25,
            "range": 8,
            "attack": 20
        },
        {
            "x": 1160,
            "y": 812,
            "hp": 844,
            "gold": 2879,
            "exp": 212,
            "range": 16,
            "attack": 11
        },
        {
            "x": 1163,
            "y": 820,
            "hp": 392,
            "gold": 1410,
            "exp": 44,
            "range": 35,
            "attack": 36
        },
        {
            "x": 1137,
            "y": 811,
            "hp": 162,
            "gold": 195,
            "exp": 103,
            "range": 11,
            "attack": 22
        },
        {
            "x": 1153,
            "y": 835,
            "hp": 394,
            "gold": 660,
            "exp": 174,
            "range": 5,
            "attack": 45
        },
        {
            "x": 1143,
            "y": 810,
            "hp": 352,
            "gold": 1154,
            "exp": 112,
            "range": 19,
            "attack": 15
        },
        {
            "x": 1148,
            "y": 809,
            "hp": 165,
            "gold": 272,
            "exp": 51,
            "range": 9,
            "attack": 43
        },
        {
            "x": 1157,
            "y": 820,
            "hp": 495,
            "gold": 2857,
            "exp": 54,
            "range": 31,
            "attack": 22
        },
        {
            "x": 1151,
            "y": 834,
            "hp": 445,
            "gold": 412,
            "exp": 239,
            "range": 5,
            "attack": 18
        },
        {
            "x": 1372,
            "y": 1038,
            "hp": 706,
            "gold": 4323,
            "exp": 280,
            "range": 13,
            "attack": 2
        },
        {
            "x": 1361,
            "y": 1029,
            "hp": 286,
            "gold": 569,
            "exp": 117,
            "range": 31,
            "attack": 12
        },
        {
            "x": 1356,
            "y": 1021,
            "hp": 347,
            "gold": 525,
            "exp": 45,
            "range": 18,
            "attack": 7
        },
        {
            "x": 1350,
            "y": 1030,
            "hp": 429,
            "gold": 271,
            "exp": 134,
            "range": 13,
            "attack": 11
        },
        {
            "x": 1374,
            "y": 1021,
            "hp": 258,
            "gold": 1470,
            "exp": 111,
            "range": 31,
            "attack": 6
        },
        {
            "x": 1351,
            "y": 1047,
            "hp": 138,
            "gold": 260,
            "exp": 63,
            "range": 28,
            "attack": 10
        },
        {
            "x": 1363,
            "y": 1029,
            "hp": 325,
            "gold": 295,
            "exp": 151,
            "range": 19,
            "attack": 5
        },
        {
            "x": 1363,
            "y": 1028,
            "hp": 336,
            "gold": 217,
            "exp": 158,
            "range": 19,
            "attack": 23
        },
        {
            "x": 351,
            "y": 550,
            "hp": 559,
            "gold": 927,
            "exp": 49,
            "range": 8,
            "attack": 13
        },
        {
            "x": 354,
            "y": 565,
            "hp": 152,
            "gold": 294,
            "exp": 111,
            "range": 7,
            "attack": 19
        },
        {
            "x": 337,
            "y": 563,
            "hp": 475,
            "gold": 928,
            "exp": 200,
            "range": 7,
            "attack": 31
        },
        {
            "x": 359,
            "y": 554,
            "hp": 331,
            "gold": 262,
            "exp": 130,
            "range": 10,
            "attack": 42
        },
        {
            "x": 356,
            "y": 579,
            "hp": 101,
            "gold": 90,
            "exp": 71,
            "range": 16,
            "attack": 17
        },
        {
            "x": 341,
            "y": 557,
            "hp": 264,
            "gold": 1189,
            "exp": 170,
            "range": 26,
            "attack": 11
        },
        {
            "x": 346,
            "y": 563,
            "hp": 410,
            "gold": 2276,
            "exp": 110,
            "range": 21,
            "attack": 46
        },
        {
            "x": 341,
            "y": 543,
            "hp": 118,
            "gold": 264,
            "exp": 23,
            "range": 13,
            "attack": 43
        },
        {
            "x": 382,
            "y": 639,
            "hp": 876,
            "gold": 4979,
            "exp": 49,
            "range": 17,
            "attack": 47
        },
        {
            "x": 379,
            "y": 640,
            "hp": 266,
            "gold": 278,
            "exp": 53,
            "range": 31,
            "attack": 48
        },
        {
            "x": 360,
            "y": 618,
            "hp": 459,
            "gold": 386,
            "exp": 98,
            "range": 6,
            "attack": 32
        },
        {
            "x": 360,
            "y": 627,
            "hp": 105,
            "gold": 182,
            "exp": 22,
            "range": 14,
            "attack": 17
        },
        {
            "x": 372,
            "y": 626,
            "hp": 341,
            "gold": 385,
            "exp": 61,
            "range": 10,
            "attack": 22
        },
        {
            "x": 367,
            "y": 629,
            "hp": 325,
            "gold": 2264,
            "exp": 23,
            "range": 34,
            "attack": 34
        },
        {
            "x": 351,
            "y": 628,
            "hp": 486,
            "gold": 2255,
            "exp": 77,
            "range": 16,
            "attack": 9
        },
        {
            "x": 389,
            "y": 1375,
            "hp": 850,
            "gold": 496,
            "exp": 68,
            "range": 5,
            "attack": 13
        },
        {
            "x": 396,
            "y": 1407,
            "hp": 254,
            "gold": 182,
            "exp": 37,
            "range": 35,
            "attack": 10
        },
        {
            "x": 377,
            "y": 1406,
            "hp": 146,
            "gold": 256,
            "exp": 50,
            "range": 10,
            "attack": 39
        },
        {
            "x": 362,
            "y": 1401,
            "hp": 191,
            "gold": 193,
            "exp": 20,
            "range": 24,
            "attack": 27
        },
        {
            "x": 384,
            "y": 1381,
            "hp": 173,
            "gold": 148,
            "exp": 19,
            "range": 26,
            "attack": 26
        },
        {
            "x": 389,
            "y": 1392,
            "hp": 494,
            "gold": 523,
            "exp": 25,
            "range": 30,
            "attack": 44
        },
        {
            "x": 171,
            "y": 1054,
            "hp": 876,
            "gold": 7254,
            "exp": 53,
            "range": 13,
            "attack": 4
        },
        {
            "x": 170,
            "y": 1062,
            "hp": 325,
            "gold": 719,
            "exp": 98,
            "range": 35,
            "attack": 45
        },
        {
            "x": 172,
            "y": 1045,
            "hp": 159,
            "gold": 503,
            "exp": 58,
            "range": 7,
            "attack": 25
        },
        {
            "x": 175,
            "y": 1054,
            "hp": 164,
            "gold": 181,
            "exp": 52,
            "range": 35,
            "attack": 17
        },
        {
            "x": 188,
            "y": 1039,
            "hp": 420,
            "gold": 1546,
            "exp": 92,
            "range": 21,
            "attack": 50
        },
        {
            "x": 188,
            "y": 1042,
            "hp": 418,
            "gold": 1383,
            "exp": 54,
            "range": 33,
            "attack": 34
        },
        {
            "x": 195,
            "y": 1029,
            "hp": 325,
            "gold": 545,
            "exp": 25,
            "range": 12,
            "attack": 8
        },
        {
            "x": 198,
            "y": 1035,
            "hp": 408,
            "gold": 602,
            "exp": 117,
            "range": 25,
            "attack": 37
        },
        {
            "x": 181,
            "y": 799,
            "hp": 871,
            "gold": 3005,
            "exp": 399,
            "range": 14,
            "attack": 18
        },
        {
            "x": 167,
            "y": 790,
            "hp": 179,
            "gold": 486,
            "exp": 44,
            "range": 15,
            "attack": 26
        },
        {
            "x": 196,
            "y": 791,
            "hp": 178,
            "gold": 498,
            "exp": 44,
            "range": 34,
            "attack": 2
        },
        {
            "x": 174,
            "y": 798,
            "hp": 359,
            "gold": 857,
            "exp": 49,
            "range": 12,
            "attack": 35
        },
        {
            "x": 191,
            "y": 797,
            "hp": 402,
            "gold": 1370,
            "exp": 159,
            "range": 28,
            "attack": 24
        },
        {
            "x": 177,
            "y": 817,
            "hp": 448,
            "gold": 1724,
            "exp": 52,
            "range": 29,
            "attack": 8
        },
        {
            "x": 336,
            "y": 718,
            "hp": 688,
            "gold": 1744,
            "exp": 304,
            "range": 6,
            "attack": 48
        },
        {
            "x": 342,
            "y": 707,
            "hp": 156,
            "gold": 583,
            "exp": 38,
            "range": 14,
            "attack": 4
        },
        {
            "x": 358,
            "y": 698,
            "hp": 463,
            "gold": 2068,
            "exp": 28,
            "range": 12,
            "attack": 2
        },
        {
            "x": 356,
            "y": 708,
            "hp": 306,
            "gold": 778,
            "exp": 173,
            "range": 29,
            "attack": 38
        },
        {
            "x": 365,
            "y": 720,
            "hp": 239,
            "gold": 417,
            "exp": 97,
            "range": 23,
            "attack": 20
        },
        {
            "x": 346,
            "y": 734,
            "hp": 375,
            "gold": 1004,
            "exp": 60,
            "range": 26,
            "attack": 17
        },
        {
            "x": 357,
            "y": 708,
            "hp": 181,
            "gold": 162,
            "exp": 37,
            "range": 9,
            "attack": 13
        },
        {
            "x": 365,
            "y": 726,
            "hp": 244,
            "gold": 961,
            "exp": 85,
            "range": 26,
            "attack": 30
        },
        {
            "x": 226,
            "y": 109,
            "hp": 743,
            "gold": 551,
            "exp": 175,
            "range": 35,
            "attack": 35
        },
        {
            "x": 236,
            "y": 93,
            "hp": 235,
            "gold": 176,
            "exp": 42,
            "range": 18,
            "attack": 30
        },
        {
            "x": 250,
            "y": 89,
            "hp": 350,
            "gold": 1441,
            "exp": 95,
            "range": 27,
            "attack": 20
        },
        {
            "x": 244,
            "y": 110,
            "hp": 300,
            "gold": 286,
            "exp": 22,
            "range": 21,
            "attack": 1
        },
        {
            "x": 228,
            "y": 110,
            "hp": 279,
            "gold": 695,
            "exp": 20,
            "range": 6,
            "attack": 17
        },
        {
            "x": 232,
            "y": 112,
            "hp": 493,
            "gold": 2536,
            "exp": 50,
            "range": 33,
            "attack": 33
        },
        {
            "x": 518,
            "y": 745,
            "hp": 643,
            "gold": 894,
            "exp": 77,
            "range": 22,
            "attack": 13
        },
        {
            "x": 534,
            "y": 756,
            "hp": 204,
            "gold": 1165,
            "exp": 64,
            "range": 24,
            "attack": 16
        },
        {
            "x": 512,
            "y": 754,
            "hp": 191,
            "gold": 242,
            "exp": 22,
            "range": 25,
            "attack": 50
        },
        {
            "x": 513,
            "y": 761,
            "hp": 125,
            "gold": 494,
            "exp": 20,
            "range": 13,
            "attack": 25
        },
        {
            "x": 535,
            "y": 749,
            "hp": 392,
            "gold": 1799,
            "exp": 35,
            "range": 25,
            "attack": 37
        },
        {
            "x": 510,
            "y": 745,
            "hp": 386,
            "gold": 1166,
            "exp": 150,
            "range": 18,
            "attack": 18
        },
        {
            "x": 507,
            "y": 775,
            "hp": 360,
            "gold": 813,
            "exp": 122,
            "range": 18,
            "attack": 11
        },
        {
            "x": 509,
            "y": 773,
            "hp": 446,
            "gold": 366,
            "exp": 136,
            "range": 29,
            "attack": 32
        },
        {
            "x": 1040,
            "y": 720,
            "hp": 645,
            "gold": 1539,
            "exp": 339,
            "range": 12,
            "attack": 26
        },
        {
            "x": 1052,
            "y": 714,
            "hp": 408,
            "gold": 623,
            "exp": 80,
            "range": 20,
            "attack": 32
        },
        {
            "x": 1048,
            "y": 709,
            "hp": 111,
            "gold": 193,
            "exp": 26,
            "range": 20,
            "attack": 42
        },
        {
            "x": 1039,
            "y": 726,
            "hp": 281,
            "gold": 882,
            "exp": 80,
            "range": 9,
            "attack": 43
        },
        {
            "x": 1044,
            "y": 711,
            "hp": 297,
            "gold": 367,
            "exp": 28,
            "range": 24,
            "attack": 20
        },
        {
            "x": 1061,
            "y": 714,
            "hp": 307,
            "gold": 214,
            "exp": 59,
            "range": 27,
            "attack": 18
        },
        {
            "x": 1037,
            "y": 730,
            "hp": 171,
            "gold": 184,
            "exp": 21,
            "range": 33,
            "attack": 35
        },
        {
            "x": 1038,
            "y": 732,
            "hp": 433,
            "gold": 1244,
            "exp": 60,
            "range": 18,
            "attack": 21
        },
        {
            "x": 614,
            "y": 379,
            "hp": 583,
            "gold": 588,
            "exp": 112,
            "range": 34,
            "attack": 24
        },
        {
            "x": 611,
            "y": 409,
            "hp": 128,
            "gold": 129,
            "exp": 51,
            "range": 9,
            "attack": 40
        },
        {
            "x": 607,
            "y": 375,
            "hp": 487,
            "gold": 360,
            "exp": 271,
            "range": 18,
            "attack": 2
        },
        {
            "x": 609,
            "y": 375,
            "hp": 207,
            "gold": 224,
            "exp": 32,
            "range": 19,
            "attack": 8
        },
        {
            "x": 617,
            "y": 392,
            "hp": 336,
            "gold": 481,
            "exp": 60,
            "range": 30,
            "attack": 23
        },
        {
            "x": 623,
            "y": 377,
            "hp": 365,
            "gold": 1474,
            "exp": 155,
            "range": 31,
            "attack": 23
        },
        {
            "x": 626,
            "y": 381,
            "hp": 190,
            "gold": 724,
            "exp": 30,
            "range": 34,
            "attack": 6
        },
        {
            "x": 1235,
            "y": 462,
            "hp": 699,
            "gold": 3334,
            "exp": 129,
            "range": 22,
            "attack": 12
        },
        {
            "x": 1234,
            "y": 443,
            "hp": 116,
            "gold": 641,
            "exp": 96,
            "range": 19,
            "attack": 40
        },
        {
            "x": 1244,
            "y": 444,
            "hp": 446,
            "gold": 1429,
            "exp": 42,
            "range": 26,
            "attack": 14
        },
        {
            "x": 1243,
            "y": 446,
            "hp": 142,
            "gold": 277,
            "exp": 37,
            "range": 5,
            "attack": 3
        },
        {
            "x": 1234,
            "y": 456,
            "hp": 321,
            "gold": 1929,
            "exp": 24,
            "range": 17,
            "attack": 40
        },
        {
            "x": 1238,
            "y": 458,
            "hp": 365,
            "gold": 607,
            "exp": 104,
            "range": 20,
            "attack": 47
        },
        {
            "x": 1231,
            "y": 465,
            "hp": 377,
            "gold": 2355,
            "exp": 41,
            "range": 14,
            "attack": 31
        },
        {
            "x": 855,
            "y": 500,
            "hp": 930,
            "gold": 8476,
            "exp": 470,
            "range": 14,
            "attack": 31
        },
        {
            "x": 877,
            "y": 464,
            "hp": 412,
            "gold": 1953,
            "exp": 100,
            "range": 10,
            "attack": 39
        },
        {
            "x": 850,
            "y": 485,
            "hp": 448,
            "gold": 1192,
            "exp": 68,
            "range": 15,
            "attack": 18
        },
        {
            "x": 865,
            "y": 484,
            "hp": 264,
            "gold": 298,
            "exp": 49,
            "range": 28,
            "attack": 31
        },
        {
            "x": 854,
            "y": 464,
            "hp": 431,
            "gold": 387,
            "exp": 141,
            "range": 24,
            "attack": 38
        },
        {
            "x": 1033,
            "y": 220,
            "hp": 639,
            "gold": 1661,
            "exp": 208,
            "range": 34,
            "attack": 3
        },
        {
            "x": 1044,
            "y": 191,
            "hp": 237,
            "gold": 633,
            "exp": 18,
            "range": 17,
            "attack": 43
        },
        {
            "x": 1008,
            "y": 186,
            "hp": 242,
            "gold": 424,
            "exp": 23,
            "range": 32,
            "attack": 50
        },
        {
            "x": 1036,
            "y": 190,
            "hp": 162,
            "gold": 754,
            "exp": 35,
            "range": 5,
            "attack": 33
        },
        {
            "x": 1011,
            "y": 214,
            "hp": 455,
            "gold": 409,
            "exp": 73,
            "range": 22,
            "attack": 25
        },
        {
            "x": 339,
            "y": 862,
            "hp": 806,
            "gold": 2711,
            "exp": 66,
            "range": 25,
            "attack": 26
        },
        {
            "x": 319,
            "y": 863,
            "hp": 304,
            "gold": 1262,
            "exp": 128,
            "range": 31,
            "attack": 4
        },
        {
            "x": 318,
            "y": 866,
            "hp": 199,
            "gold": 961,
            "exp": 22,
            "range": 23,
            "attack": 9
        },
        {
            "x": 329,
            "y": 875,
            "hp": 242,
            "gold": 1036,
            "exp": 165,
            "range": 8,
            "attack": 7
        },
        {
            "x": 325,
            "y": 853,
            "hp": 295,
            "gold": 1039,
            "exp": 105,
            "range": 6,
            "attack": 10
        },
        {
            "x": 320,
            "y": 859,
            "hp": 342,
            "gold": 1835,
            "exp": 67,
            "range": 8,
            "attack": 15
        },
        {
            "x": 348,
            "y": 853,
            "hp": 452,
            "gold": 1759,
            "exp": 40,
            "range": 35,
            "attack": 2
        },
        {
            "x": 591,
            "y": 195,
            "hp": 883,
            "gold": 1468,
            "exp": 463,
            "range": 31,
            "attack": 26
        },
        {
            "x": 581,
            "y": 182,
            "hp": 413,
            "gold": 411,
            "exp": 233,
            "range": 13,
            "attack": 15
        },
        {
            "x": 613,
            "y": 220,
            "hp": 152,
            "gold": 560,
            "exp": 107,
            "range": 19,
            "attack": 14
        },
        {
            "x": 583,
            "y": 209,
            "hp": 100,
            "gold": 509,
            "exp": 38,
            "range": 17,
            "attack": 37
        },
        {
            "x": 579,
            "y": 193,
            "hp": 139,
            "gold": 231,
            "exp": 16,
            "range": 35,
            "attack": 32
        },
        {
            "x": 600,
            "y": 212,
            "hp": 201,
            "gold": 1317,
            "exp": 52,
            "range": 18,
            "attack": 27
        },
        {
            "x": 447,
            "y": 851,
            "hp": 632,
            "gold": 979,
            "exp": 113,
            "range": 12,
            "attack": 41
        },
        {
            "x": 443,
            "y": 865,
            "hp": 282,
            "gold": 231,
            "exp": 57,
            "range": 13,
            "attack": 22
        },
        {
            "x": 477,
            "y": 872,
            "hp": 275,
            "gold": 1109,
            "exp": 109,
            "range": 19,
            "attack": 12
        },
        {
            "x": 447,
            "y": 873,
            "hp": 429,
            "gold": 788,
            "exp": 29,
            "range": 19,
            "attack": 5
        },
        {
            "x": 439,
            "y": 875,
            "hp": 227,
            "gold": 896,
            "exp": 23,
            "range": 13,
            "attack": 30
        },
        {
            "x": 43,
            "y": 90,
            "hp": 694,
            "gold": 1235,
            "exp": 110,
            "range": 18,
            "attack": 43
        },
        {
            "x": 31,
            "y": 80,
            "hp": 473,
            "gold": 953,
            "exp": 114,
            "range": 20,
            "attack": 42
        },
        {
            "x": 24,
            "y": 87,
            "hp": 191,
            "gold": 209,
            "exp": 50,
            "range": 28,
            "attack": 9
        },
        {
            "x": 28,
            "y": 83,
            "hp": 387,
            "gold": 789,
            "exp": 47,
            "range": 26,
            "attack": 44
        },
        {
            "x": 29,
            "y": 80,
            "hp": 393,
            "gold": 244,
            "exp": 24,
            "range": 15,
            "attack": 37
        },
        {
            "x": 14,
            "y": 89,
            "hp": 334,
            "gold": 647,
            "exp": 88,
            "range": 35,
            "attack": 44
        },
        {
            "x": 17,
            "y": 69,
            "hp": 347,
            "gold": 827,
            "exp": 21,
            "range": 8,
            "attack": 34
        },
        {
            "x": 62,
            "y": 441,
            "hp": 935,
            "gold": 2123,
            "exp": 459,
            "range": 30,
            "attack": 18
        },
        {
            "x": 67,
            "y": 442,
            "hp": 165,
            "gold": 761,
            "exp": 20,
            "range": 22,
            "attack": 37
        },
        {
            "x": 69,
            "y": 436,
            "hp": 106,
            "gold": 161,
            "exp": 54,
            "range": 17,
            "attack": 45
        },
        {
            "x": 63,
            "y": 426,
            "hp": 493,
            "gold": 1018,
            "exp": 42,
            "range": 17,
            "attack": 35
        },
        {
            "x": 64,
            "y": 428,
            "hp": 459,
            "gold": 1475,
            "exp": 44,
            "range": 26,
            "attack": 49
        },
        {
            "x": 73,
            "y": 452,
            "hp": 400,
            "gold": 3025,
            "exp": 130,
            "range": 13,
            "attack": 14
        },
        {
            "x": 43,
            "y": 450,
            "hp": 263,
            "gold": 359,
            "exp": 136,
            "range": 33,
            "attack": 40
        },
        {
            "x": 860,
            "y": 17,
            "hp": 570,
            "gold": 3141,
            "exp": 52,
            "range": 8,
            "attack": 25
        },
        {
            "x": 854,
            "y": 21,
            "hp": 250,
            "gold": 278,
            "exp": 97,
            "range": 23,
            "attack": 2
        },
        {
            "x": 852,
            "y": 23,
            "hp": 340,
            "gold": 667,
            "exp": 34,
            "range": 29,
            "attack": 18
        },
        {
            "x": 855,
            "y": 16,
            "hp": 361,
            "gold": 2164,
            "exp": 43,
            "range": 26,
            "attack": 17
        },
        {
            "x": 857,
            "y": 11,
            "hp": 122,
            "gold": 399,
            "exp": 96,
            "range": 27,
            "attack": 46
        },
        {
            "x": 876,
            "y": 6,
            "hp": 137,
            "gold": 194,
            "exp": 71,
            "range": 5,
            "attack": 49
        },
        {
            "x": 868,
            "y": 26,
            "hp": 192,
            "gold": 218,
            "exp": 99,
            "range": 19,
            "attack": 3
        },
        {
            "x": 858,
            "y": 18,
            "hp": 149,
            "gold": 482,
            "exp": 24,
            "range": 32,
            "attack": 42
        },
        {
            "x": 179,
            "y": 890,
            "hp": 698,
            "gold": 654,
            "exp": 168,
            "range": 29,
            "attack": 42
        },
        {
            "x": 209,
            "y": 885,
            "hp": 371,
            "gold": 1177,
            "exp": 69,
            "range": 28,
            "attack": 30
        },
        {
            "x": 206,
            "y": 897,
            "hp": 409,
            "gold": 322,
            "exp": 213,
            "range": 16,
            "attack": 35
        },
        {
            "x": 187,
            "y": 912,
            "hp": 426,
            "gold": 2905,
            "exp": 100,
            "range": 30,
            "attack": 47
        },
        {
            "x": 207,
            "y": 885,
            "hp": 314,
            "gold": 342,
            "exp": 136,
            "range": 31,
            "attack": 49
        },
        {
            "x": 175,
            "y": 907,
            "hp": 272,
            "gold": 553,
            "exp": 123,
            "range": 32,
            "attack": 6
        },
        {
            "x": 1371,
            "y": 571,
            "hp": 598,
            "gold": 1214,
            "exp": 60,
            "range": 28,
            "attack": 26
        },
        {
            "x": 1381,
            "y": 570,
            "hp": 481,
            "gold": 465,
            "exp": 220,
            "range": 16,
            "attack": 42
        },
        {
            "x": 1389,
            "y": 538,
            "hp": 371,
            "gold": 2322,
            "exp": 51,
            "range": 14,
            "attack": 15
        },
        {
            "x": 1388,
            "y": 569,
            "hp": 203,
            "gold": 266,
            "exp": 39,
            "range": 17,
            "attack": 40
        },
        {
            "x": 1362,
            "y": 547,
            "hp": 147,
            "gold": 485,
            "exp": 56,
            "range": 12,
            "attack": 43
        },
        {
            "x": 1366,
            "y": 556,
            "hp": 428,
            "gold": 904,
            "exp": 174,
            "range": 24,
            "attack": 41
        },
        {
            "x": 1366,
            "y": 563,
            "hp": 369,
            "gold": 290,
            "exp": 39,
            "range": 14,
            "attack": 36
        },
        {
            "x": 1470,
            "y": 1266,
            "hp": 619,
            "gold": 3126,
            "exp": 85,
            "range": 7,
            "attack": 32
        },
        {
            "x": 1483,
            "y": 1272,
            "hp": 288,
            "gold": 1202,
            "exp": 53,
            "range": 19,
            "attack": 27
        },
        {
            "x": 1486,
            "y": 1270,
            "hp": 406,
            "gold": 1077,
            "exp": 215,
            "range": 21,
            "attack": 17
        },
        {
            "x": 1464,
            "y": 1242,
            "hp": 378,
            "gold": 1083,
            "exp": 120,
            "range": 17,
            "attack": 11
        },
        {
            "x": 1478,
            "y": 1237,
            "hp": 179,
            "gold": 719,
            "exp": 26,
            "range": 6,
            "attack": 16
        },
        {
            "x": 1476,
            "y": 1273,
            "hp": 467,
            "gold": 755,
            "exp": 47,
            "range": 32,
            "attack": 5
        },
        {
            "x": 1471,
            "y": 1251,
            "hp": 153,
            "gold": 311,
            "exp": 24,
            "range": 20,
            "attack": 10
        },
        {
            "x": 1102,
            "y": 1455,
            "hp": 880,
            "gold": 1057,
            "exp": 40,
            "range": 35,
            "attack": 28
        },
        {
            "x": 1078,
            "y": 1452,
            "hp": 407,
            "gold": 315,
            "exp": 57,
            "range": 29,
            "attack": 44
        },
        {
            "x": 1075,
            "y": 1461,
            "hp": 226,
            "gold": 944,
            "exp": 27,
            "range": 35,
            "attack": 36
        },
        {
            "x": 1104,
            "y": 1460,
            "hp": 415,
            "gold": 2956,
            "exp": 31,
            "range": 28,
            "attack": 44
        },
        {
            "x": 1076,
            "y": 1434,
            "hp": 360,
            "gold": 1848,
            "exp": 96,
            "range": 13,
            "attack": 1
        },
        {
            "x": 1107,
            "y": 1456,
            "hp": 305,
            "gold": 1004,
            "exp": 42,
            "range": 22,
            "attack": 27
        },
        {
            "x": 1075,
            "y": 1447,
            "hp": 375,
            "gold": 1866,
            "exp": 131,
            "range": 28,
            "attack": 10
        },
        {
            "x": 477,
            "y": 1352,
            "hp": 817,
            "gold": 2412,
            "exp": 489,
            "range": 17,
            "attack": 47
        },
        {
            "x": 471,
            "y": 1353,
            "hp": 127,
            "gold": 606,
            "exp": 37,
            "range": 5,
            "attack": 36
        },
        {
            "x": 465,
            "y": 1321,
            "hp": 211,
            "gold": 650,
            "exp": 30,
            "range": 5,
            "attack": 20
        },
        {
            "x": 492,
            "y": 1329,
            "hp": 107,
            "gold": 119,
            "exp": 49,
            "range": 5,
            "attack": 33
        },
        {
            "x": 483,
            "y": 1349,
            "hp": 245,
            "gold": 378,
            "exp": 30,
            "range": 17,
            "attack": 38
        },
        {
            "x": 491,
            "y": 1351,
            "hp": 202,
            "gold": 373,
            "exp": 74,
            "range": 22,
            "attack": 49
        },
        {
            "x": 215,
            "y": 1393,
            "hp": 761,
            "gold": 3790,
            "exp": 64,
            "range": 32,
            "attack": 46
        },
        {
            "x": 193,
            "y": 1407,
            "hp": 314,
            "gold": 521,
            "exp": 57,
            "range": 15,
            "attack": 26
        },
        {
            "x": 227,
            "y": 1409,
            "hp": 389,
            "gold": 1950,
            "exp": 56,
            "range": 25,
            "attack": 11
        },
        {
            "x": 229,
            "y": 1392,
            "hp": 238,
            "gold": 479,
            "exp": 24,
            "range": 27,
            "attack": 18
        },
        {
            "x": 203,
            "y": 1418,
            "hp": 120,
            "gold": 515,
            "exp": 99,
            "range": 7,
            "attack": 36
        },
        {
            "x": 193,
            "y": 1387,
            "hp": 331,
            "gold": 424,
            "exp": 83,
            "range": 35,
            "attack": 8
        },
        {
            "x": 200,
            "y": 1396,
            "hp": 280,
            "gold": 1497,
            "exp": 123,
            "range": 8,
            "attack": 14
        },
        {
            "x": 202,
            "y": 1397,
            "hp": 100,
            "gold": 560,
            "exp": 21,
            "range": 23,
            "attack": 9
        },
        {
            "x": 1205,
            "y": 1274,
            "hp": 852,
            "gold": 3901,
            "exp": 183,
            "range": 8,
            "attack": 22
        },
        {
            "x": 1223,
            "y": 1271,
            "hp": 227,
            "gold": 417,
            "exp": 25,
            "range": 15,
            "attack": 25
        },
        {
            "x": 1227,
            "y": 1265,
            "hp": 400,
            "gold": 605,
            "exp": 170,
            "range": 5,
            "attack": 49
        },
        {
            "x": 1237,
            "y": 1280,
            "hp": 254,
            "gold": 957,
            "exp": 113,
            "range": 26,
            "attack": 16
        },
        {
            "x": 1209,
            "y": 1285,
            "hp": 174,
            "gold": 129,
            "exp": 28,
            "range": 26,
            "attack": 18
        },
        {
            "x": 1221,
            "y": 1293,
            "hp": 194,
            "gold": 704,
            "exp": 59,
            "range": 34,
            "attack": 1
        },
        {
            "x": 1224,
            "y": 1273,
            "hp": 446,
            "gold": 644,
            "exp": 50,
            "range": 35,
            "attack": 10
        },
        {
            "x": 654,
            "y": 520,
            "hp": 773,
            "gold": 898,
            "exp": 111,
            "range": 29,
            "attack": 7
        },
        {
            "x": 660,
            "y": 540,
            "hp": 286,
            "gold": 318,
            "exp": 39,
            "range": 20,
            "attack": 27
        },
        {
            "x": 649,
            "y": 543,
            "hp": 370,
            "gold": 459,
            "exp": 97,
            "range": 8,
            "attack": 40
        },
        {
            "x": 657,
            "y": 547,
            "hp": 340,
            "gold": 1695,
            "exp": 51,
            "range": 25,
            "attack": 29
        },
        {
            "x": 629,
            "y": 537,
            "hp": 478,
            "gold": 453,
            "exp": 87,
            "range": 24,
            "attack": 16
        },
        {
            "x": 994,
            "y": 792,
            "hp": 574,
            "gold": 3636,
            "exp": 188,
            "range": 26,
            "attack": 43
        },
        {
            "x": 978,
            "y": 807,
            "hp": 271,
            "gold": 514,
            "exp": 197,
            "range": 11,
            "attack": 39
        },
        {
            "x": 971,
            "y": 806,
            "hp": 216,
            "gold": 568,
            "exp": 151,
            "range": 8,
            "attack": 14
        },
        {
            "x": 995,
            "y": 783,
            "hp": 102,
            "gold": 231,
            "exp": 76,
            "range": 34,
            "attack": 8
        },
        {
            "x": 989,
            "y": 775,
            "hp": 230,
            "gold": 522,
            "exp": 31,
            "range": 22,
            "attack": 5
        },
        {
            "x": 969,
            "y": 795,
            "hp": 493,
            "gold": 519,
            "exp": 78,
            "range": 6,
            "attack": 29
        },
        {
            "x": 1118,
            "y": 317,
            "hp": 891,
            "gold": 5658,
            "exp": 338,
            "range": 34,
            "attack": 24
        },
        {
            "x": 1121,
            "y": 306,
            "hp": 107,
            "gold": 114,
            "exp": 18,
            "range": 19,
            "attack": 29
        },
        {
            "x": 1150,
            "y": 307,
            "hp": 139,
            "gold": 114,
            "exp": 48,
            "range": 13,
            "attack": 13
        },
        {
            "x": 1128,
            "y": 301,
            "hp": 347,
            "gold": 517,
            "exp": 46,
            "range": 34,
            "attack": 26
        },
        {
            "x": 1148,
            "y": 329,
            "hp": 181,
            "gold": 349,
            "exp": 29,
            "range": 25,
            "attack": 29
        },
        {
            "x": 1136,
            "y": 323,
            "hp": 401,
            "gold": 1683,
            "exp": 189,
            "range": 19,
            "attack": 17
        },
        {
            "x": 1115,
            "y": 297,
            "hp": 196,
            "gold": 736,
            "exp": 40,
            "range": 25,
            "attack": 49
        },
        {
            "x": 408,
            "y": 514,
            "hp": 802,
            "gold": 2848,
            "exp": 71,
            "range": 28,
            "attack": 29
        },
        {
            "x": 389,
            "y": 502,
            "hp": 220,
            "gold": 1022,
            "exp": 21,
            "range": 13,
            "attack": 50
        },
        {
            "x": 410,
            "y": 484,
            "hp": 491,
            "gold": 429,
            "exp": 75,
            "range": 16,
            "attack": 38
        },
        {
            "x": 415,
            "y": 504,
            "hp": 245,
            "gold": 487,
            "exp": 42,
            "range": 30,
            "attack": 5
        },
        {
            "x": 384,
            "y": 481,
            "hp": 432,
            "gold": 945,
            "exp": 79,
            "range": 34,
            "attack": 36
        },
        {
            "x": 793,
            "y": 622,
            "hp": 860,
            "gold": 9250,
            "exp": 254,
            "range": 12,
            "attack": 3
        },
        {
            "x": 798,
            "y": 603,
            "hp": 249,
            "gold": 876,
            "exp": 37,
            "range": 9,
            "attack": 1
        },
        {
            "x": 773,
            "y": 604,
            "hp": 136,
            "gold": 563,
            "exp": 56,
            "range": 32,
            "attack": 1
        },
        {
            "x": 772,
            "y": 598,
            "hp": 458,
            "gold": 2450,
            "exp": 56,
            "range": 33,
            "attack": 28
        },
        {
            "x": 797,
            "y": 607,
            "hp": 493,
            "gold": 2376,
            "exp": 214,
            "range": 27,
            "attack": 8
        },
        {
            "x": 776,
            "y": 593,
            "hp": 166,
            "gold": 205,
            "exp": 29,
            "range": 11,
            "attack": 4
        },
        {
            "x": 1035,
            "y": 1500,
            "hp": 582,
            "gold": 722,
            "exp": 258,
            "range": 5,
            "attack": 12
        },
        {
            "x": 1038,
            "y": 1490,
            "hp": 347,
            "gold": 269,
            "exp": 63,
            "range": 17,
            "attack": 43
        },
        {
            "x": 1018,
            "y": 1478,
            "hp": 136,
            "gold": 523,
            "exp": 55,
            "range": 33,
            "attack": 30
        },
        {
            "x": 1016,
            "y": 1489,
            "hp": 135,
            "gold": 121,
            "exp": 18,
            "range": 22,
            "attack": 37
        },
        {
            "x": 1015,
            "y": 1500,
            "hp": 394,
            "gold": 865,
            "exp": 63,
            "range": 9,
            "attack": 28
        },
        {
            "x": 1001,
            "y": 1479,
            "hp": 488,
            "gold": 629,
            "exp": 142,
            "range": 21,
            "attack": 29
        },
        {
            "x": 1039,
            "y": 1500,
            "hp": 106,
            "gold": 392,
            "exp": 42,
            "range": 17,
            "attack": 35
        },
        {
            "x": 1028,
            "y": 1480,
            "hp": 149,
            "gold": 303,
            "exp": 19,
            "range": 18,
            "attack": 22
        },
        {
            "x": 113,
            "y": 866,
            "hp": 933,
            "gold": 1046,
            "exp": 52,
            "range": 27,
            "attack": 23
        },
        {
            "x": 133,
            "y": 881,
            "hp": 217,
            "gold": 1104,
            "exp": 98,
            "range": 24,
            "attack": 30
        },
        {
            "x": 130,
            "y": 872,
            "hp": 444,
            "gold": 286,
            "exp": 158,
            "range": 35,
            "attack": 44
        },
        {
            "x": 134,
            "y": 869,
            "hp": 469,
            "gold": 1985,
            "exp": 114,
            "range": 18,
            "attack": 32
        },
        {
            "x": 125,
            "y": 865,
            "hp": 285,
            "gold": 1099,
            "exp": 63,
            "range": 33,
            "attack": 48
        },
        {
            "x": 143,
            "y": 868,
            "hp": 429,
            "gold": 404,
            "exp": 34,
            "range": 26,
            "attack": 19
        },
        {
            "x": 115,
            "y": 877,
            "hp": 122,
            "gold": 342,
            "exp": 34,
            "range": 23,
            "attack": 40
        },
        {
            "x": 1471,
            "y": 644,
            "hp": 751,
            "gold": 6392,
            "exp": 415,
            "range": 26,
            "attack": 30
        },
        {
            "x": 1496,
            "y": 638,
            "hp": 347,
            "gold": 1709,
            "exp": 64,
            "range": 9,
            "attack": 12
        },
        {
            "x": 1500,
            "y": 635,
            "hp": 338,
            "gold": 498,
            "exp": 24,
            "range": 19,
            "attack": 29
        },
        {
            "x": 1470,
            "y": 612,
            "hp": 270,
            "gold": 1341,
            "exp": 128,
            "range": 14,
            "attack": 13
        },
        {
            "x": 1484,
            "y": 633,
            "hp": 394,
            "gold": 1194,
            "exp": 35,
            "range": 11,
            "attack": 39
        },
        {
            "x": 1486,
            "y": 621,
            "hp": 415,
            "gold": 1248,
            "exp": 85,
            "range": 32,
            "attack": 29
        },
        {
            "x": 1472,
            "y": 620,
            "hp": 271,
            "gold": 472,
            "exp": 23,
            "range": 34,
            "attack": 50
        },
        {
            "x": 1498,
            "y": 615,
            "hp": 373,
            "gold": 730,
            "exp": 26,
            "range": 14,
            "attack": 47
        },
        {
            "x": 157,
            "y": 179,
            "hp": 671,
            "gold": 5796,
            "exp": 133,
            "range": 29,
            "attack": 30
        },
        {
            "x": 177,
            "y": 172,
            "hp": 422,
            "gold": 1133,
            "exp": 242,
            "range": 29,
            "attack": 4
        },
        {
            "x": 160,
            "y": 152,
            "hp": 249,
            "gold": 1191,
            "exp": 30,
            "range": 16,
            "attack": 16
        },
        {
            "x": 151,
            "y": 167,
            "hp": 169,
            "gold": 158,
            "exp": 19,
            "range": 31,
            "attack": 10
        },
        {
            "x": 163,
            "y": 153,
            "hp": 327,
            "gold": 2084,
            "exp": 32,
            "range": 24,
            "attack": 46
        },
        {
            "x": 1407,
            "y": 1197,
            "hp": 585,
            "gold": 2134,
            "exp": 36,
            "range": 26,
            "attack": 21
        },
        {
            "x": 1443,
            "y": 1179,
            "hp": 477,
            "gold": 1966,
            "exp": 76,
            "range": 32,
            "attack": 11
        },
        {
            "x": 1408,
            "y": 1184,
            "hp": 174,
            "gold": 131,
            "exp": 74,
            "range": 24,
            "attack": 33
        },
        {
            "x": 1421,
            "y": 1189,
            "hp": 356,
            "gold": 889,
            "exp": 196,
            "range": 18,
            "attack": 50
        },
        {
            "x": 1419,
            "y": 1203,
            "hp": 465,
            "gold": 410,
            "exp": 94,
            "range": 7,
            "attack": 23
        },
        {
            "x": 1418,
            "y": 1187,
            "hp": 309,
            "gold": 349,
            "exp": 143,
            "range": 15,
            "attack": 21
        },
        {
            "x": 1429,
            "y": 1197,
            "hp": 225,
            "gold": 1012,
            "exp": 114,
            "range": 24,
            "attack": 17
        },
        {
            "x": 956,
            "y": 877,
            "hp": 899,
            "gold": 8316,
            "exp": 312,
            "range": 13,
            "attack": 50
        },
        {
            "x": 987,
            "y": 876,
            "hp": 184,
            "gold": 156,
            "exp": 36,
            "range": 5,
            "attack": 5
        },
        {
            "x": 981,
            "y": 855,
            "hp": 363,
            "gold": 754,
            "exp": 131,
            "range": 30,
            "attack": 12
        },
        {
            "x": 968,
            "y": 855,
            "hp": 166,
            "gold": 755,
            "exp": 37,
            "range": 29,
            "attack": 16
        },
        {
            "x": 989,
            "y": 858,
            "hp": 126,
            "gold": 144,
            "exp": 16,
            "range": 16,
            "attack": 37
        },
        {
            "x": 979,
            "y": 874,
            "hp": 216,
            "gold": 446,
            "exp": 27,
            "range": 32,
            "attack": 47
        },
        {
            "x": 470,
            "y": 1441,
            "hp": 770,
            "gold": 1524,
            "exp": 53,
            "range": 30,
            "attack": 18
        },
        {
            "x": 478,
            "y": 1444,
            "hp": 398,
            "gold": 955,
            "exp": 249,
            "range": 5,
            "attack": 24
        },
        {
            "x": 467,
            "y": 1434,
            "hp": 283,
            "gold": 1306,
            "exp": 95,
            "range": 11,
            "attack": 21
        },
        {
            "x": 473,
            "y": 1439,
            "hp": 245,
            "gold": 848,
            "exp": 69,
            "range": 32,
            "attack": 50
        },
        {
            "x": 488,
            "y": 1428,
            "hp": 104,
            "gold": 323,
            "exp": 82,
            "range": 25,
            "attack": 40
        },
        {
            "x": 463,
            "y": 1422,
            "hp": 403,
            "gold": 916,
            "exp": 95,
            "range": 11,
            "attack": 41
        },
        {
            "x": 314,
            "y": 198,
            "hp": 551,
            "gold": 1727,
            "exp": 313,
            "range": 15,
            "attack": 19
        },
        {
            "x": 332,
            "y": 188,
            "hp": 457,
            "gold": 871,
            "exp": 35,
            "range": 11,
            "attack": 36
        },
        {
            "x": 332,
            "y": 200,
            "hp": 473,
            "gold": 1489,
            "exp": 158,
            "range": 24,
            "attack": 15
        },
        {
            "x": 334,
            "y": 193,
            "hp": 216,
            "gold": 166,
            "exp": 51,
            "range": 25,
            "attack": 9
        },
        {
            "x": 330,
            "y": 226,
            "hp": 428,
            "gold": 1437,
            "exp": 66,
            "range": 24,
            "attack": 38
        },
        {
            "x": 338,
            "y": 202,
            "hp": 148,
            "gold": 719,
            "exp": 104,
            "range": 33,
            "attack": 28
        },
        {
            "x": 326,
            "y": 218,
            "hp": 177,
            "gold": 542,
            "exp": 19,
            "range": 35,
            "attack": 1
        },
        {
            "x": 1437,
            "y": 1477,
            "hp": 822,
            "gold": 3419,
            "exp": 321,
            "range": 25,
            "attack": 22
        },
        {
            "x": 1442,
            "y": 1461,
            "hp": 492,
            "gold": 3255,
            "exp": 44,
            "range": 6,
            "attack": 37
        },
        {
            "x": 1449,
            "y": 1476,
            "hp": 470,
            "gold": 410,
            "exp": 71,
            "range": 22,
            "attack": 42
        },
        {
            "x": 1435,
            "y": 1485,
            "hp": 215,
            "gold": 365,
            "exp": 72,
            "range": 27,
            "attack": 30
        },
        {
            "x": 1447,
            "y": 1474,
            "hp": 342,
            "gold": 466,
            "exp": 113,
            "range": 21,
            "attack": 15
        },
        {
            "x": 1460,
            "y": 1490,
            "hp": 172,
            "gold": 381,
            "exp": 23,
            "range": 23,
            "attack": 35
        },
        {
            "x": 144,
            "y": 758,
            "hp": 686,
            "gold": 1883,
            "exp": 404,
            "range": 14,
            "attack": 29
        },
        {
            "x": 112,
            "y": 782,
            "hp": 361,
            "gold": 679,
            "exp": 27,
            "range": 22,
            "attack": 13
        },
        {
            "x": 116,
            "y": 771,
            "hp": 158,
            "gold": 340,
            "exp": 77,
            "range": 27,
            "attack": 42
        },
        {
            "x": 139,
            "y": 758,
            "hp": 241,
            "gold": 1109,
            "exp": 31,
            "range": 8,
            "attack": 19
        },
        {
            "x": 125,
            "y": 776,
            "hp": 260,
            "gold": 1132,
            "exp": 89,
            "range": 24,
            "attack": 5
        },
        {
            "x": 136,
            "y": 751,
            "hp": 302,
            "gold": 405,
            "exp": 103,
            "range": 34,
            "attack": 38
        },
        {
            "x": 115,
            "y": 749,
            "hp": 140,
            "gold": 242,
            "exp": 45,
            "range": 11,
            "attack": 40
        },
        {
            "x": 571,
            "y": 641,
            "hp": 564,
            "gold": 2015,
            "exp": 45,
            "range": 30,
            "attack": 2
        },
        {
            "x": 583,
            "y": 636,
            "hp": 394,
            "gold": 875,
            "exp": 40,
            "range": 6,
            "attack": 19
        },
        {
            "x": 568,
            "y": 641,
            "hp": 347,
            "gold": 1353,
            "exp": 86,
            "range": 10,
            "attack": 2
        },
        {
            "x": 578,
            "y": 664,
            "hp": 403,
            "gold": 1277,
            "exp": 74,
            "range": 18,
            "attack": 28
        },
        {
            "x": 572,
            "y": 636,
            "hp": 189,
            "gold": 280,
            "exp": 18,
            "range": 10,
            "attack": 6
        },
        {
            "x": 578,
            "y": 652,
            "hp": 153,
            "gold": 321,
            "exp": 18,
            "range": 34,
            "attack": 21
        },
        {
            "x": 568,
            "y": 635,
            "hp": 114,
            "gold": 254,
            "exp": 12,
            "range": 28,
            "attack": 26
        },
        {
            "x": 133,
            "y": 389,
            "hp": 796,
            "gold": 6919,
            "exp": 248,
            "range": 28,
            "attack": 10
        },
        {
            "x": 153,
            "y": 412,
            "hp": 457,
            "gold": 2044,
            "exp": 44,
            "range": 27,
            "attack": 35
        },
        {
            "x": 137,
            "y": 387,
            "hp": 228,
            "gold": 358,
            "exp": 23,
            "range": 9,
            "attack": 14
        },
        {
            "x": 126,
            "y": 374,
            "hp": 106,
            "gold": 246,
            "exp": 17,
            "range": 13,
            "attack": 17
        },
        {
            "x": 145,
            "y": 384,
            "hp": 417,
            "gold": 276,
            "exp": 208,
            "range": 14,
            "attack": 38
        },
        {
            "x": 1002,
            "y": 435,
            "hp": 772,
            "gold": 981,
            "exp": 35,
            "range": 23,
            "attack": 3
        },
        {
            "x": 988,
            "y": 433,
            "hp": 379,
            "gold": 2432,
            "exp": 238,
            "range": 32,
            "attack": 32
        },
        {
            "x": 999,
            "y": 422,
            "hp": 280,
            "gold": 413,
            "exp": 27,
            "range": 35,
            "attack": 5
        },
        {
            "x": 992,
            "y": 438,
            "hp": 452,
            "gold": 1421,
            "exp": 36,
            "range": 19,
            "attack": 8
        },
        {
            "x": 977,
            "y": 440,
            "hp": 182,
            "gold": 208,
            "exp": 39,
            "range": 27,
            "attack": 17
        },
        {
            "x": 1011,
            "y": 433,
            "hp": 489,
            "gold": 2689,
            "exp": 53,
            "range": 35,
            "attack": 10
        },
        {
            "x": 988,
            "y": 440,
            "hp": 299,
            "gold": 468,
            "exp": 110,
            "range": 29,
            "attack": 20
        },
        {
            "x": 1009,
            "y": 411,
            "hp": 221,
            "gold": 381,
            "exp": 114,
            "range": 18,
            "attack": 31
        },
        {
            "x": 1084,
            "y": 1380,
            "hp": 896,
            "gold": 774,
            "exp": 395,
            "range": 28,
            "attack": 2
        },
        {
            "x": 1096,
            "y": 1385,
            "hp": 489,
            "gold": 838,
            "exp": 39,
            "range": 32,
            "attack": 4
        },
        {
            "x": 1104,
            "y": 1390,
            "hp": 197,
            "gold": 442,
            "exp": 48,
            "range": 12,
            "attack": 49
        },
        {
            "x": 1081,
            "y": 1388,
            "hp": 104,
            "gold": 235,
            "exp": 15,
            "range": 27,
            "attack": 23
        },
        {
            "x": 1115,
            "y": 1375,
            "hp": 489,
            "gold": 1447,
            "exp": 258,
            "range": 26,
            "attack": 45
        },
        {
            "x": 1110,
            "y": 1068,
            "hp": 900,
            "gold": 7236,
            "exp": 51,
            "range": 27,
            "attack": 33
        },
        {
            "x": 1111,
            "y": 1090,
            "hp": 157,
            "gold": 873,
            "exp": 71,
            "range": 28,
            "attack": 16
        },
        {
            "x": 1098,
            "y": 1085,
            "hp": 282,
            "gold": 852,
            "exp": 135,
            "range": 5,
            "attack": 23
        },
        {
            "x": 1113,
            "y": 1076,
            "hp": 494,
            "gold": 2034,
            "exp": 32,
            "range": 23,
            "attack": 23
        },
        {
            "x": 1110,
            "y": 1095,
            "hp": 257,
            "gold": 1114,
            "exp": 53,
            "range": 26,
            "attack": 9
        },
        {
            "x": 32,
            "y": 1049,
            "hp": 764,
            "gold": 1310,
            "exp": 120,
            "range": 34,
            "attack": 37
        },
        {
            "x": 48,
            "y": 1068,
            "hp": 323,
            "gold": 676,
            "exp": 27,
            "range": 20,
            "attack": 37
        },
        {
            "x": 41,
            "y": 1077,
            "hp": 219,
            "gold": 776,
            "exp": 20,
            "range": 22,
            "attack": 6
        },
        {
            "x": 40,
            "y": 1063,
            "hp": 360,
            "gold": 280,
            "exp": 184,
            "range": 22,
            "attack": 22
        },
        {
            "x": 23,
            "y": 1055,
            "hp": 493,
            "gold": 1075,
            "exp": 31,
            "range": 9,
            "attack": 6
        },
        {
            "x": 1329,
            "y": 144,
            "hp": 723,
            "gold": 2820,
            "exp": 145,
            "range": 30,
            "attack": 31
        },
        {
            "x": 1336,
            "y": 158,
            "hp": 109,
            "gold": 135,
            "exp": 13,
            "range": 18,
            "attack": 12
        },
        {
            "x": 1355,
            "y": 133,
            "hp": 316,
            "gold": 1027,
            "exp": 48,
            "range": 12,
            "attack": 19
        },
        {
            "x": 1359,
            "y": 157,
            "hp": 311,
            "gold": 884,
            "exp": 35,
            "range": 19,
            "attack": 33
        },
        {
            "x": 1332,
            "y": 154,
            "hp": 196,
            "gold": 920,
            "exp": 53,
            "range": 5,
            "attack": 39
        },
        {
            "x": 1002,
            "y": 606,
            "hp": 830,
            "gold": 954,
            "exp": 297,
            "range": 21,
            "attack": 42
        },
        {
            "x": 1011,
            "y": 629,
            "hp": 297,
            "gold": 323,
            "exp": 63,
            "range": 14,
            "attack": 26
        },
        {
            "x": 1007,
            "y": 591,
            "hp": 163,
            "gold": 176,
            "exp": 23,
            "range": 8,
            "attack": 18
        },
        {
            "x": 1009,
            "y": 600,
            "hp": 151,
            "gold": 735,
            "exp": 101,
            "range": 15,
            "attack": 11
        },
        {
            "x": 1032,
            "y": 603,
            "hp": 495,
            "gold": 3322,
            "exp": 280,
            "range": 33,
            "attack": 42
        },
        {
            "x": 1032,
            "y": 611,
            "hp": 309,
            "gold": 1411,
            "exp": 40,
            "range": 21,
            "attack": 11
        },
        {
            "x": 1032,
            "y": 623,
            "hp": 104,
            "gold": 127,
            "exp": 25,
            "range": 18,
            "attack": 31
        },
        {
            "x": 882,
            "y": 985,
            "hp": 787,
            "gold": 5645,
            "exp": 41,
            "range": 35,
            "attack": 12
        },
        {
            "x": 885,
            "y": 954,
            "hp": 101,
            "gold": 435,
            "exp": 41,
            "range": 29,
            "attack": 38
        },
        {
            "x": 867,
            "y": 969,
            "hp": 350,
            "gold": 567,
            "exp": 33,
            "range": 24,
            "attack": 17
        },
        {
            "x": 859,
            "y": 983,
            "hp": 154,
            "gold": 574,
            "exp": 26,
            "range": 18,
            "attack": 21
        },
        {
            "x": 862,
            "y": 973,
            "hp": 194,
            "gold": 387,
            "exp": 157,
            "range": 16,
            "attack": 2
        },
        {
            "x": 875,
            "y": 957,
            "hp": 377,
            "gold": 2302,
            "exp": 277,
            "range": 26,
            "attack": 6
        },
        {
            "x": 852,
            "y": 964,
            "hp": 417,
            "gold": 1566,
            "exp": 131,
            "range": 19,
            "attack": 41
        },
        {
            "x": 865,
            "y": 959,
            "hp": 450,
            "gold": 1070,
            "exp": 66,
            "range": 17,
            "attack": 34
        },
        {
            "x": 641,
            "y": 966,
            "hp": 568,
            "gold": 3995,
            "exp": 412,
            "range": 26,
            "attack": 30
        },
        {
            "x": 640,
            "y": 980,
            "hp": 274,
            "gold": 1167,
            "exp": 197,
            "range": 34,
            "attack": 22
        },
        {
            "x": 643,
            "y": 998,
            "hp": 407,
            "gold": 2070,
            "exp": 63,
            "range": 25,
            "attack": 21
        },
        {
            "x": 640,
            "y": 972,
            "hp": 459,
            "gold": 1591,
            "exp": 156,
            "range": 25,
            "attack": 23
        },
        {
            "x": 628,
            "y": 963,
            "hp": 141,
            "gold": 174,
            "exp": 80,
            "range": 26,
            "attack": 28
        },
        {
            "x": 644,
            "y": 999,
            "hp": 160,
            "gold": 677,
            "exp": 80,
            "range": 33,
            "attack": 41
        },
        {
            "x": 628,
            "y": 988,
            "hp": 245,
            "gold": 941,
            "exp": 57,
            "range": 7,
            "attack": 43
        },
        {
            "x": 584,
            "y": 1488,
            "hp": 654,
            "gold": 872,
            "exp": 326,
            "range": 26,
            "attack": 44
        },
        {
            "x": 560,
            "y": 1481,
            "hp": 218,
            "gold": 1075,
            "exp": 82,
            "range": 25,
            "attack": 43
        },
        {
            "x": 553,
            "y": 1485,
            "hp": 379,
            "gold": 1266,
            "exp": 57,
            "range": 18,
            "attack": 40
        },
        {
            "x": 586,
            "y": 1466,
            "hp": 424,
            "gold": 2199,
            "exp": 165,
            "range": 23,
            "attack": 35
        },
        {
            "x": 578,
            "y": 1483,
            "hp": 426,
            "gold": 1131,
            "exp": 145,
            "range": 18,
            "attack": 31
        },
        {
            "x": 566,
            "y": 1461,
            "hp": 400,
            "gold": 1571,
            "exp": 95,
            "range": 23,
            "attack": 41
        },
        {
            "x": 563,
            "y": 1492,
            "hp": 360,
            "gold": 344,
            "exp": 109,
            "range": 12,
            "attack": 48
        },
        {
            "x": 959,
            "y": 1154,
            "hp": 696,
            "gold": 2504,
            "exp": 250,
            "range": 18,
            "attack": 7
        },
        {
            "x": 940,
            "y": 1142,
            "hp": 240,
            "gold": 1675,
            "exp": 68,
            "range": 30,
            "attack": 36
        },
        {
            "x": 952,
            "y": 1133,
            "hp": 106,
            "gold": 114,
            "exp": 23,
            "range": 8,
            "attack": 5
        },
        {
            "x": 965,
            "y": 1164,
            "hp": 208,
            "gold": 1337,
            "exp": 91,
            "range": 29,
            "attack": 27
        },
        {
            "x": 952,
            "y": 1150,
            "hp": 168,
            "gold": 185,
            "exp": 27,
            "range": 11,
            "attack": 10
        },
        {
            "x": 260,
            "y": 1055,
            "hp": 589,
            "gold": 1553,
            "exp": 42,
            "range": 22,
            "attack": 19
        },
        {
            "x": 274,
            "y": 1063,
            "hp": 338,
            "gold": 2423,
            "exp": 83,
            "range": 15,
            "attack": 47
        },
        {
            "x": 249,
            "y": 1071,
            "hp": 186,
            "gold": 802,
            "exp": 71,
            "range": 24,
            "attack": 1
        },
        {
            "x": 251,
            "y": 1065,
            "hp": 231,
            "gold": 184,
            "exp": 42,
            "range": 25,
            "attack": 4
        },
        {
            "x": 273,
            "y": 1053,
            "hp": 173,
            "gold": 1056,
            "exp": 21,
            "range": 29,
            "attack": 18
        },
        {
            "x": 315,
            "y": 54,
            "hp": 761,
            "gold": 783,
            "exp": 290,
            "range": 27,
            "attack": 24
        },
        {
            "x": 311,
            "y": 59,
            "hp": 192,
            "gold": 169,
            "exp": 56,
            "range": 10,
            "attack": 46
        },
        {
            "x": 316,
            "y": 37,
            "hp": 204,
            "gold": 482,
            "exp": 78,
            "range": 18,
            "attack": 32
        },
        {
            "x": 319,
            "y": 65,
            "hp": 433,
            "gold": 445,
            "exp": 265,
            "range": 32,
            "attack": 47
        },
        {
            "x": 292,
            "y": 48,
            "hp": 477,
            "gold": 450,
            "exp": 32,
            "range": 14,
            "attack": 40
        },
        {
            "x": 307,
            "y": 45,
            "hp": 284,
            "gold": 1182,
            "exp": 29,
            "range": 17,
            "attack": 36
        },
        {
            "x": 301,
            "y": 53,
            "hp": 477,
            "gold": 2580,
            "exp": 125,
            "range": 8,
            "attack": 49
        },
        {
            "x": 302,
            "y": 42,
            "hp": 215,
            "gold": 865,
            "exp": 22,
            "range": 26,
            "attack": 48
        },
        {
            "x": 270,
            "y": 1137,
            "hp": 732,
            "gold": 5058,
            "exp": 189,
            "range": 14,
            "attack": 21
        },
        {
            "x": 300,
            "y": 1118,
            "hp": 284,
            "gold": 812,
            "exp": 66,
            "range": 19,
            "attack": 2
        },
        {
            "x": 266,
            "y": 1122,
            "hp": 453,
            "gold": 826,
            "exp": 30,
            "range": 29,
            "attack": 18
        },
        {
            "x": 303,
            "y": 1139,
            "hp": 279,
            "gold": 847,
            "exp": 33,
            "range": 14,
            "attack": 49
        },
        {
            "x": 289,
            "y": 1127,
            "hp": 241,
            "gold": 439,
            "exp": 161,
            "range": 11,
            "attack": 31
        },
        {
            "x": 1232,
            "y": 1115,
            "hp": 749,
            "gold": 4704,
            "exp": 36,
            "range": 12,
            "attack": 6
        },
        {
            "x": 1240,
            "y": 1123,
            "hp": 127,
            "gold": 433,
            "exp": 17,
            "range": 23,
            "attack": 39
        },
        {
            "x": 1231,
            "y": 1087,
            "hp": 411,
            "gold": 568,
            "exp": 260,
            "range": 16,
            "attack": 48
        },
        {
            "x": 1252,
            "y": 1116,
            "hp": 320,
            "gold": 1002,
            "exp": 47,
            "range": 29,
            "attack": 27
        },
        {
            "x": 1246,
            "y": 1102,
            "hp": 284,
            "gold": 1491,
            "exp": 69,
            "range": 9,
            "attack": 34
        },
        {
            "x": 693,
            "y": 1087,
            "hp": 697,
            "gold": 4459,
            "exp": 69,
            "range": 18,
            "attack": 14
        },
        {
            "x": 681,
            "y": 1064,
            "hp": 257,
            "gold": 790,
            "exp": 118,
            "range": 14,
            "attack": 1
        },
        {
            "x": 690,
            "y": 1065,
            "hp": 373,
            "gold": 291,
            "exp": 33,
            "range": 34,
            "attack": 34
        },
        {
            "x": 674,
            "y": 1050,
            "hp": 222,
            "gold": 519,
            "exp": 45,
            "range": 13,
            "attack": 34
        },
        {
            "x": 689,
            "y": 1084,
            "hp": 279,
            "gold": 617,
            "exp": 22,
            "range": 11,
            "attack": 33
        },
        {
            "x": 684,
            "y": 1076,
            "hp": 250,
            "gold": 1347,
            "exp": 99,
            "range": 26,
            "attack": 26
        },
        {
            "x": 1296,
            "y": 348,
            "hp": 909,
            "gold": 741,
            "exp": 163,
            "range": 27,
            "attack": 19
        },
        {
            "x": 1295,
            "y": 325,
            "hp": 476,
            "gold": 795,
            "exp": 186,
            "range": 32,
            "attack": 13
        },
        {
            "x": 1279,
            "y": 321,
            "hp": 258,
            "gold": 572,
            "exp": 46,
            "range": 28,
            "attack": 14
        },
        {
            "x": 1287,
            "y": 357,
            "hp": 150,
            "gold": 362,
            "exp": 32,
            "range": 28,
            "attack": 32
        },
        {
            "x": 1284,
            "y": 337,
            "hp": 488,
            "gold": 585,
            "exp": 193,
            "range": 26,
            "attack": 48
        },
        {
            "x": 1286,
            "y": 355,
            "hp": 348,
            "gold": 598,
            "exp": 47,
            "range": 29,
            "attack": 33
        },
        {
            "x": 1277,
            "y": 351,
            "hp": 229,
            "gold": 404,
            "exp": 71,
            "range": 9,
            "attack": 7
        },
        {
            "x": 1073,
            "y": 329,
            "hp": 922,
            "gold": 2206,
            "exp": 102,
            "range": 18,
            "attack": 4
        },
        {
            "x": 1054,
            "y": 319,
            "hp": 338,
            "gold": 1637,
            "exp": 142,
            "range": 26,
            "attack": 8
        },
        {
            "x": 1052,
            "y": 315,
            "hp": 308,
            "gold": 322,
            "exp": 41,
            "range": 35,
            "attack": 49
        },
        {
            "x": 1060,
            "y": 312,
            "hp": 314,
            "gold": 419,
            "exp": 38,
            "range": 5,
            "attack": 31
        },
        {
            "x": 1053,
            "y": 310,
            "hp": 151,
            "gold": 191,
            "exp": 56,
            "range": 27,
            "attack": 17
        },
        {
            "x": 258,
            "y": 731,
            "hp": 926,
            "gold": 1552,
            "exp": 55,
            "range": 28,
            "attack": 9
        },
        {
            "x": 262,
            "y": 734,
            "hp": 450,
            "gold": 433,
            "exp": 276,
            "range": 25,
            "attack": 14
        },
        {
            "x": 247,
            "y": 726,
            "hp": 273,
            "gold": 266,
            "exp": 191,
            "range": 16,
            "attack": 42
        },
        {
            "x": 245,
            "y": 760,
            "hp": 477,
            "gold": 785,
            "exp": 349,
            "range": 12,
            "attack": 17
        },
        {
            "x": 264,
            "y": 759,
            "hp": 133,
            "gold": 645,
            "exp": 47,
            "range": 10,
            "attack": 26
        },
        {
            "x": 261,
            "y": 758,
            "hp": 242,
            "gold": 343,
            "exp": 50,
            "range": 25,
            "attack": 10
        },
        {
            "x": 230,
            "y": 726,
            "hp": 163,
            "gold": 278,
            "exp": 38,
            "range": 17,
            "attack": 17
        },
        {
            "x": 1368,
            "y": 330,
            "hp": 673,
            "gold": 3739,
            "exp": 44,
            "range": 11,
            "attack": 49
        },
        {
            "x": 1351,
            "y": 324,
            "hp": 356,
            "gold": 444,
            "exp": 24,
            "range": 19,
            "attack": 21
        },
        {
            "x": 1343,
            "y": 326,
            "hp": 447,
            "gold": 720,
            "exp": 27,
            "range": 33,
            "attack": 13
        },
        {
            "x": 1357,
            "y": 324,
            "hp": 441,
            "gold": 457,
            "exp": 147,
            "range": 18,
            "attack": 6
        },
        {
            "x": 1337,
            "y": 338,
            "hp": 411,
            "gold": 465,
            "exp": 25,
            "range": 12,
            "attack": 2
        },
        {
            "x": 1368,
            "y": 337,
            "hp": 298,
            "gold": 1033,
            "exp": 26,
            "range": 24,
            "attack": 30
        },
        {
            "x": 27,
            "y": 1167,
            "hp": 563,
            "gold": 833,
            "exp": 74,
            "range": 21,
            "attack": 2
        },
        {
            "x": 16,
            "y": 1190,
            "hp": 286,
            "gold": 610,
            "exp": 179,
            "range": 16,
            "attack": 2
        },
        {
            "x": 3,
            "y": 1152,
            "hp": 278,
            "gold": 860,
            "exp": 25,
            "range": 26,
            "attack": 42
        },
        {
            "x": 19,
            "y": 1190,
            "hp": 479,
            "gold": 1936,
            "exp": 34,
            "range": 7,
            "attack": 27
        },
        {
            "x": 6,
            "y": 1167,
            "hp": 113,
            "gold": 477,
            "exp": 73,
            "range": 10,
            "attack": 13
        },
        {
            "x": 34,
            "y": 1177,
            "hp": 327,
            "gold": 870,
            "exp": 112,
            "range": 22,
            "attack": 24
        },
        {
            "x": 6,
            "y": 1165,
            "hp": 491,
            "gold": 451,
            "exp": 33,
            "range": 22,
            "attack": 48
        },
        {
            "x": 33,
            "y": 1178,
            "hp": 452,
            "gold": 1784,
            "exp": 113,
            "range": 29,
            "attack": 37
        }
    ]
}