{
    "hero": {
        "base_speed": 35,
        "base_power": 32,
        "base_range": 25,
        "level_speed_coeff": 19,
        "level_power_coeff": 20,
        "level_range_coeff": 32
    },
    "start_x": 568,
    "start_y": 826,
    "width": 1414,
    "height": 1414,
    "num_turns": 1414,
    "monsters": [
        {
            "x": 654,
            "y": 374,
            "hp": 896,
            "gold": 3808,
            "exp": 184,
            "range": 5,
            "attack": 378
        },
        {
            "x": 657,
            "y": 387,
            "hp": 492,
            "gold": 818,
            "exp": 42,
            "range": 5,
            "attack": 231
        },
        {
            "x": 652,
            "y": 359,
            "hp": 434,
            "gold": 1111,
            "exp": 151,
            "range": 7,
            "attack": 305
        },
        {
            "x": 649,
            "y": 377,
            "hp": 447,
            "gold": 1833,
            "exp": 170,
            "range": 9,
            "attack": 204
        },
        {
            "x": 636,
            "y": 361,
            "hp": 330,
            "gold": 873,
            "exp": 75,
            "range": 6,
            "attack": 133
        },
        {
            "x": 0,
            "y": 1111,
            "hp": 845,
            "gold": 2422,
            "exp": 35,
            "range": 8,
            "attack": 96
        },
        {
            "x": 1,
            "y": 1114,
            "hp": 354,
            "gold": 657,
            "exp": 89,
            "range": 10,
            "attack": 138
        },
        {
            "x": 0,
            "y": 1100,
            "hp": 477,
            "gold": 1747,
            "exp": 217,
            "range": 5,
            "attack": 459
        },
        {
            "x": 3,
            "y": 1107,
            "hp": 451,
            "gold": 1275,
            "exp": 153,
            "range": 9,
            "attack": 263
        },
        {
            "x": 1,
            "y": 1091,
            "hp": 328,
            "gold": 279,
            "exp": 106,
            "range": 9,
            "attack": 15
        },
        {
            "x": 3,
            "y": 1119,
            "hp": 227,
            "gold": 271,
            "exp": 48,
            "range": 7,
            "attack": 94
        },
        {
            "x": 3,
            "y": 1103,
            "hp": 318,
            "gold": 1357,
            "exp": 135,
            "range": 10,
            "attack": 79
        },
        {
            "x": 276,
            "y": 714,
            "hp": 924,
            "gold": 1295,
            "exp": 167,
            "range": 8,
            "attack": 288
        },
        {
            "x": 239,
            "y": 677,
            "hp": 137,
            "gold": 234,
            "exp": 67,
            "range": 9,
            "attack": 322
        },
        {
            "x": 245,
            "y": 706,
            "hp": 270,
            "gold": 1412,
            "exp": 139,
            "range": 9,
            "attack": 126
        },
        {
            "x": 274,
            "y": 677,
            "hp": 108,
            "gold": 211,
            "exp": 13,
            "range": 6,
            "attack": 445
        },
        {
            "x": 264,
            "y": 679,
            "hp": 236,
            "gold": 1261,
            "exp": 67,
            "range": 6,
            "attack": 97
        },
        {
            "x": 241,
            "y": 699,
            "hp": 313,
            "gold": 825,
            "exp": 40,
            "range": 5,
            "attack": 8
        },
        {
            "x": 1183,
            "y": 681,
            "hp": 608,
            "gold": 731,
            "exp": 232,
            "range": 6,
            "attack": 347
        },
        {
            "x": 1175,
            "y": 669,
            "hp": 296,
            "gold": 1427,
            "exp": 184,
            "range": 9,
            "attack": 64
        },
        {
            "x": 1184,
            "y": 685,
            "hp": 414,
            "gold": 1087,
            "exp": 165,
            "range": 10,
            "attack": 286
        },
        {
            "x": 1151,
            "y": 650,
            "hp": 341,
            "gold": 274,
            "exp": 113,
            "range": 7,
            "attack": 369
        },
        {
            "x": 1168,
            "y": 653,
            "hp": 221,
            "gold": 251,
            "exp": 32,
            "range": 7,
            "attack": 4
        },
        {
            "x": 204,
            "y": 497,
            "hp": 557,
            "gold": 663,
            "exp": 294,
            "range": 10,
            "attack": 442
        },
        {
            "x": 197,
            "y": 492,
            "hp": 210,
            "gold": 415,
            "exp": 55,
            "range": 8,
            "attack": 194
        },
        {
            "x": 197,
            "y": 507,
            "hp": 202,
            "gold": 518,
            "exp": 51,
            "range": 9,
            "attack": 360
        },
        {
            "x": 183,
            "y": 508,
            "hp": 232,
            "gold": 309,
            "exp": 61,
            "range": 7,
            "attack": 271
        },
        {
            "x": 180,
            "y": 520,
            "hp": 242,
            "gold": 514,
            "exp": 125,
            "range": 10,
            "attack": 357
        },
        {
            "x": 435,
            "y": 1087,
            "hp": 571,
            "gold": 2050,
            "exp": 84,
            "range": 9,
            "attack": 361
        },
        {
            "x": 407,
            "y": 1096,
            "hp": 186,
            "gold": 576,
            "exp": 20,
            "range": 10,
            "attack": 271
        },
        {
            "x": 433,
            "y": 1068,
            "hp": 292,
            "gold": 1316,
            "exp": 93,
            "range": 5,
            "attack": 351
        },
        {
            "x": 430,
            "y": 1071,
            "hp": 187,
            "gold": 161,
            "exp": 135,
            "range": 8,
            "attack": 41
        },
        {
            "x": 417,
            "y": 1068,
            "hp": 160,
            "gold": 233,
            "exp": 94,
            "range": 5,
            "attack": 453
        },
        {
            "x": 408,
            "y": 1101,
            "hp": 194,
            "gold": 629,
            "exp": 33,
            "range": 9,
            "attack": 15
        },
        {
            "x": 405,
            "y": 1079,
            "hp": 334,
            "gold": 1629,
            "exp": 216,
            "range": 9,
            "attack": 180
        },
        {
            "x": 420,
            "y": 1063,
            "hp": 330,
            "gold": 1538,
            "exp": 110,
            "range": 5,
            "attack": 301
        },
        {
            "x": 873,
            "y": 1048,
            "hp": 937,
            "gold": 994,
            "exp": 76,
            "range": 6,
            "attack": 169
        },
        {
            "x": 886,
            "y": 1043,
            "hp": 307,
            "gold": 237,
            "exp": 111,
            "range": 7,
            "attack": 116
        },
        {
            "x": 900,
            "y": 1043,
            "hp": 144,
            "gold": 162,
            "exp": 84,
            "range": 5,
            "attack": 463
        },
        {
            "x": 899,
            "y": 1021,
            "hp": 430,
            "gold": 2809,
            "exp": 239,
            "range": 6,
            "attack": 188
        },
        {
            "x": 901,
            "y": 1023,
            "hp": 489,
            "gold": 457,
            "exp": 242,
            "range": 7,
            "attack": 222
        },
        {
            "x": 869,
            "y": 1036,
            "hp": 376,
            "gold": 1481,
            "exp": 216,
            "range": 10,
            "attack": 148
        },
        {
            "x": 883,
            "y": 1025,
            "hp": 299,
            "gold": 237,
            "exp": 63,
            "range": 5,
            "attack": 163
        },
        {
            "x": 1210,
            "y": 716,
            "hp": 619,
            "gold": 1845,
            "exp": 57,
            "range": 10,
            "attack": 153
        },
        {
            "x": 1196,
            "y": 735,
            "hp": 458,
            "gold": 574,
            "exp": 52,
            "range": 7,
            "attack": 195
        },
        {
            "x": 1230,
            "y": 730,
            "hp": 412,
            "gold": 411,
            "exp": 61,
            "range": 5,
            "attack": 157
        },
        {
            "x": 1231,
            "y": 732,
            "hp": 257,
            "gold": 731,
            "exp": 87,
            "range": 10,
            "attack": 125
        },
        {
            "x": 1217,
            "y": 750,
            "hp": 364,
            "gold": 646,
            "exp": 150,
            "range": 10,
            "attack": 478
        },
        {
            "x": 1219,
            "y": 728,
            "hp": 306,
            "gold": 587,
            "exp": 49,
            "range": 5,
            "attack": 246
        },
        {
            "x": 1194,
            "y": 714,
            "hp": 356,
            "gold": 579,
            "exp": 117,
            "range": 10,
            "attack": 431
        },
        {
            "x": 1218,
            "y": 736,
            "hp": 171,
            "gold": 195,
            "exp": 105,
            "range": 8,
            "attack": 48
        },
        {
            "x": 948,
            "y": 1197,
            "hp": 616,
            "gold": 1233,
            "exp": 140,
            "range": 10,
            "attack": 342
        },
        {
            "x": 966,
            "y": 1195,
            "hp": 453,
            "gold": 1779,
            "exp": 137,
            "range": 5,
            "attack": 337
        },
        {
            "x": 970,
            "y": 1193,
            "hp": 116,
            "gold": 231,
            "exp": 55,
            "range": 9,
            "attack": 449
        },
        {
            "x": 952,
            "y": 1185,
            "hp": 346,
            "gold": 352,
            "exp": 72,
            "range": 9,
            "attack": 126
        },
        {
            "x": 955,
            "y": 1169,
            "hp": 151,
            "gold": 404,
            "exp": 88,
            "range": 6,
            "attack": 418
        },
        {
            "x": 121,
            "y": 423,
            "hp": 582,
            "gold": 1131,
            "exp": 133,
            "range": 7,
            "attack": 368
        },
        {
            "x": 118,
            "y": 415,
            "hp": 228,
            "gold": 1191,
            "exp": 190,
            "range": 9,
            "attack": 476
        },
        {
            "x": 124,
            "y": 401,
            "hp": 265,
            "gold": 579,
            "exp": 177,
            "range": 5,
            "attack": 61
        },
        {
            "x": 113,
            "y": 440,
            "hp": 201,
            "gold": 239,
            "exp": 169,
            "range": 7,
            "attack": 449
        },
        {
            "x": 148,
            "y": 427,
            "hp": 498,
            "gold": 426,
            "exp": 164,
            "range": 8,
            "attack": 319
        },
        {
            "x": 132,
            "y": 409,
            "hp": 192,
            "gold": 248,
            "exp": 143,
            "range": 8,
            "attack": 491
        },
        {
            "x": 140,
            "y": 407,
            "hp": 232,
            "gold": 531,
            "exp": 49,
            "range": 10,
            "attack": 89
        },
        {
            "x": 134,
            "y": 439,
            "hp": 145,
            "gold": 425,
            "exp": 59,
            "range": 9,
            "attack": 261
        },
        {
            "x": 13,
            "y": 747,
            "hp": 873,
            "gold": 3043,
            "exp": 49,
            "range": 7,
            "attack": 2
        },
        {
            "x": 18,
            "y": 768,
            "hp": 464,
            "gold": 2575,
            "exp": 125,
            "range": 9,
            "attack": 366
        },
        {
            "x": 25,
            "y": 744,
            "hp": 439,
            "gold": 1617,
            "exp": 67,
            "range": 8,
            "attack": 277
        },
        {
            "x": 7,
            "y": 760,
            "hp": 164,
            "gold": 311,
            "exp": 73,
            "range": 9,
            "attack": 306
        },
        {
            "x": 29,
            "y": 751,
            "hp": 308,
            "gold": 681,
            "exp": 26,
            "range": 6,
            "attack": 168
        },
        {
            "x": 986,
            "y": 923,
            "hp": 662,
            "gold": 2176,
            "exp": 86,
            "range": 6,
            "attack": 234
        },
        {
            "x": 971,
            "y": 918,
            "hp": 116,
            "gold": 140,
            "exp": 31,
            "range": 5,
            "attack": 84
        },
        {
            "x": 985,
            "y": 921,
            "hp": 309,
            "gold": 302,
            "exp": 45,
            "range": 9,
            "attack": 420
        },
        {
            "x": 982,
            "y": 930,
            "hp": 294,
            "gold": 1465,
            "exp": 91,
            "range": 5,
            "attack": 310
        },
        {
            "x": 980,
            "y": 907,
            "hp": 376,
            "gold": 583,
            "exp": 65,
            "range": 8,
            "attack": 300
        },
        {
            "x": 957,
            "y": 911,
            "hp": 146,
            "gold": 132,
            "exp": 63,
            "range": 9,
            "attack": 387
        },
        {
            "x": 956,
            "y": 929,
            "hp": 334,
            "gold": 527,
            "exp": 87,
            "range": 5,
            "attack": 266
        },
        {
            "x": 984,
            "y": 906,
            "hp": 180,
            "gold": 248,
            "exp": 102,
            "range": 10,
            "attack": 407
        },
        {
            "x": 244,
            "y": 630,
            "hp": 677,
            "gold": 582,
            "exp": 179,
            "range": 8,
            "attack": 55
        },
        {
            "x": 244,
            "y": 600,
            "hp": 471,
            "gold": 878,
            "exp": 49,
            "range": 9,
            "attack": 238
        },
        {
            "x": 262,
            "y": 631,
            "hp": 398,
            "gold": 912,
            "exp": 55,
            "range": 7,
            "attack": 205
        },
        {
            "x": 233,
            "y": 622,
            "hp": 181,
            "gold": 192,
            "exp": 19,
            "range": 8,
            "attack": 261
        },
        {
            "x": 243,
            "y": 609,
            "hp": 291,
            "gold": 1324,
            "exp": 69,
            "range": 7,
            "attack": 228
        },
        {
            "x": 216,
            "y": 783,
            "hp": 551,
            "gold": 2505,
            "exp": 59,
            "range": 9,
            "attack": 59
        },
        {
            "x": 217,
            "y": 780,
            "hp": 267,
            "gold": 284,
            "exp": 116,
            "range": 8,
            "attack": 383
        },
        {
            "x": 215,
            "y": 811,
            "hp": 475,
            "gold": 673,
            "exp": 189,
            "range": 10,
            "attack": 331
        },
        {
            "x": 197,
            "y": 800,
            "hp": 220,
            "gold": 922,
            "exp": 38,
            "range": 10,
            "attack": 476
        },
        {
            "x": 197,
            "y": 791,
            "hp": 361,
            "gold": 395,
            "exp": 84,
            "range": 9,
            "attack": 102
        },
        {
            "x": 206,
            "y": 812,
            "hp": 215,
            "gold": 434,
            "exp": 80,
            "range": 9,
            "attack": 30
        },
        {
            "x": 221,
            "y": 802,
            "hp": 357,
            "gold": 944,
            "exp": 77,
            "range": 7,
            "attack": 195
        },
        {
            "x": 211,
            "y": 803,
            "hp": 176,
            "gold": 307,
            "exp": 37,
            "range": 6,
            "attack": 424
        },
        {
            "x": 516,
            "y": 1275,
            "hp": 635,
            "gold": 4657,
            "exp": 40,
            "range": 7,
            "attack": 160
        },
        {
            "x": 481,
            "y": 1261,
            "hp": 368,
            "gold": 691,
            "exp": 46,
            "range": 5,
            "attack": 477
        },
        {
            "x": 492,
            "y": 1255,
            "hp": 254,
            "gold": 1166,
            "exp": 66,
            "range": 9,
            "attack": 96
        },
        {
            "x": 499,
            "y": 1261,
            "hp": 154,
            "gold": 704,
            "exp": 51,
            "range": 8,
            "attack": 3
        },
        {
            "x": 493,
            "y": 1276,
            "hp": 457,
            "gold": 2620,
            "exp": 66,
            "range": 9,
            "attack": 190
        },
        {
            "x": 490,
            "y": 1254,
            "hp": 179,
            "gold": 166,
            "exp": 33,
            "range": 10,
            "attack": 292
        },
        {
            "x": 492,
            "y": 1268,
            "hp": 258,
            "gold": 412,
            "exp": 30,
            "range": 8,
            "attack": 371
        },
        {
            "x": 493,
            "y": 1246,
            "hp": 346,
            "gold": 1777,
            "exp": 24,
            "range": 8,
            "attack": 342
        },
        {
            "x": 490,
            "y": 826,
            "hp": 807,
            "gold": 689,
            "exp": 150,
            "range": 8,
            "attack": 484
        },
        {
            "x": 488,
            "y": 834,
            "hp": 419,
            "gold": 1755,
            "exp": 199,
            "range": 8,
            "attack": 300
        },
        {
            "x": 508,
            "y": 803,
            "hp": 380,
            "gold": 1133,
            "exp": 83,
            "range": 8,
            "attack": 375
        },
        {
            "x": 513,
            "y": 836,
            "hp": 478,
            "gold": 753,
            "exp": 123,
            "range": 7,
            "attack": 20
        },
        {
            "x": 516,
            "y": 826,
            "hp": 103,
            "gold": 92,
            "exp": 15,
            "range": 9,
            "attack": 451
        },
        {
            "x": 495,
            "y": 822,
            "hp": 106,
            "gold": 130,
            "exp": 13,
            "range": 6,
            "attack": 404
        },
        {
            "x": 492,
            "y": 809,
            "hp": 333,
            "gold": 629,
            "exp": 82,
            "range": 6,
            "attack": 194
        },
        {
            "x": 590,
            "y": 316,
            "hp": 635,
            "gold": 820,
            "exp": 131,
            "range": 8,
            "attack": 160
        },
        {
            "x": 593,
            "y": 297,
            "hp": 378,
            "gold": 664,
            "exp": 27,
            "range": 8,
            "attack": 268
        },
        {
            "x": 583,
            "y": 298,
            "hp": 395,
            "gold": 621,
            "exp": 127,
            "range": 8,
            "attack": 219
        },
        {
            "x": 613,
            "y": 292,
            "hp": 171,
            "gold": 294,
            "exp": 27,
            "range": 6,
            "attack": 11
        },
        {
            "x": 587,
            "y": 289,
            "hp": 494,
            "gold": 2283,
            "exp": 31,
            "range": 6,
            "attack": 262
        },
        {
            "x": 589,
            "y": 298,
            "hp": 147,
            "gold": 148,
            "exp": 78,
            "range": 10,
            "attack": 386
        },
        {
            "x": 617,
            "y": 302,
            "hp": 180,
            "gold": 366,
            "exp": 58,
            "range": 8,
            "attack": 390
        },
        {
            "x": 347,
            "y": 11,
            "hp": 650,
            "gold": 462,
            "exp": 157,
            "range": 5,
            "attack": 126
        },
        {
            "x": 314,
            "y": 16,
            "hp": 280,
            "gold": 1558,
            "exp": 56,
            "range": 10,
            "attack": 485
        },
        {
            "x": 344,
            "y": 17,
            "hp": 164,
            "gold": 225,
            "exp": 25,
            "range": 7,
            "attack": 23
        },
        {
            "x": 324,
            "y": 32,
            "hp": 345,
            "gold": 2154,
            "exp": 45,
            "range": 9,
            "attack": 402
        },
        {
            "x": 337,
            "y": 17,
            "hp": 432,
            "gold": 1512,
            "exp": 78,
            "range": 8,
            "attack": 384
        },
        {
            "x": 315,
            "y": 37,
            "hp": 147,
            "gold": 613,
            "exp": 39,
            "range": 10,
            "attack": 306
        },
        {
            "x": 339,
            "y": 15,
            "hp": 284,
            "gold": 262,
            "exp": 143,
            "range": 9,
            "attack": 164
        },
        {
            "x": 326,
            "y": 34,
            "hp": 462,
            "gold": 824,
            "exp": 252,
            "range": 9,
            "attack": 401
        },
        {
            "x": 732,
            "y": 62,
            "hp": 866,
            "gold": 2319,
            "exp": 339,
            "range": 6,
            "attack": 425
        },
        {
            "x": 716,
            "y": 32,
            "hp": 187,
            "gold": 351,
            "exp": 29,
            "range": 9,
            "attack": 215
        },
        {
            "x": 753,
            "y": 49,
            "hp": 125,
            "gold": 154,
            "exp": 61,
            "range": 10,
            "attack": 321
        },
        {
            "x": 738,
            "y": 63,
            "hp": 207,
            "gold": 238,
            "exp": 40,
            "range": 9,
            "attack": 254
        },
        {
            "x": 734,
            "y": 45,
            "hp": 398,
            "gold": 437,
            "exp": 116,
            "range": 5,
            "attack": 134
        },
        {
            "x": 717,
            "y": 62,
            "hp": 308,
            "gold": 646,
            "exp": 35,
            "range": 8,
            "attack": 359
        },
        {
            "x": 866,
            "y": 10,
            "hp": 802,
            "gold": 6253,
            "exp": 86,
            "range": 5,
            "attack": 256
        },
        {
            "x": 882,
            "y": 34,
            "hp": 338,
            "gold": 2271,
            "exp": 28,
            "range": 9,
            "attack": 157
        },
        {
            "x": 882,
            "y": 33,
            "hp": 439,
            "gold": 1775,
            "exp": 131,
            "range": 10,
            "attack": 92
        },
        {
            "x": 867,
            "y": 32,
            "hp": 363,
            "gold": 1072,
            "exp": 195,
            "range": 9,
            "attack": 249
        },
        {
            "x": 879,
            "y": 14,
            "hp": 158,
            "gold": 597,
            "exp": 56,
            "range": 7,
            "attack": 230
        },
        {
            "x": 856,
            "y": 17,
            "hp": 292,
            "gold": 410,
            "exp": 26,
            "range": 6,
            "attack": 90
        },
        {
            "x": 878,
            "y": 39,
            "hp": 420,
            "gold": 716,
            "exp": 219,
            "range": 10,
            "attack": 274
        },
        {
            "x": 888,
            "y": 27,
            "hp": 377,
            "gold": 2317,
            "exp": 152,
            "range": 6,
            "attack": 478
        },
        {
            "x": 185,
            "y": 1022,
            "hp": 566,
            "gold": 471,
            "exp": 44,
            "range": 10,
            "attack": 205
        },
        {
            "x": 181,
            "y": 1028,
            "hp": 432,
            "gold": 356,
            "exp": 297,
            "range": 6,
            "attack": 262
        },
        {
            "x": 181,
            "y": 1004,
            "hp": 294,
            "gold": 1105,
            "exp": 55,
            "range": 8,
            "attack": 252
        },
        {
            "x": 155,
            "y": 1028,
            "hp": 186,
            "gold": 1109,
            "exp": 22,
            "range": 9,
            "attack": 468
        },
        {
            "x": 159,
            "y": 1030,
            "hp": 263,
            "gold": 630,
            "exp": 93,
            "range": 9,
            "attack": 482
        },
        {
            "x": 183,
            "y": 1022,
            "hp": 247,
            "gold": 252,
            "exp": 31,
            "range": 7,
            "attack": 292
        },
        {
            "x": 166,
            "y": 1015,
            "hp": 381,
            "gold": 2900,
            "exp": 216,
            "range": 6,
            "attack": 178
        },
        {
            "x": 150,
            "y": 1024,
            "hp": 485,
            "gold": 1876,
            "exp": 40,
            "range": 8,
            "attack": 272
        },
        {
            "x": 472,
            "y": 466,
            "hp": 830,
            "gold": 8012,
            "exp": 256,
            "range": 6,
            "attack": 370
        },
        {
            "x": 468,
            "y": 470,
            "hp": 413,
            "gold": 1049,
            "exp": 153,
            "range": 9,
            "attack": 31
        },
        {
            "x": 471,
            "y": 469,
            "hp": 485,
            "gold": 3599,
            "exp": 174,
            "range": 6,
            "attack": 275
        },
        {
            "x": 493,
            "y": 477,
            "hp": 445,
            "gold": 367,
            "exp": 305,
            "range": 9,
            "attack": 84
        },
        {
            "x": 460,
            "y": 494,
            "hp": 148,
            "gold": 497,
            "exp": 45,
            "range": 8,
            "attack": 87
        },
        {
            "x": 479,
            "y": 463,
            "hp": 476,
            "gold": 560,
            "exp": 158,
            "range": 9,
            "attack": 322
        },
        {
            "x": 463,
            "y": 471,
            "hp": 214,
            "gold": 230,
            "exp": 23,
            "range": 7,
            "attack": 342
        },
        {
            "x": 563,
            "y": 94,
            "hp": 595,
            "gold": 535,
            "exp": 196,
            "range": 8,
            "attack": 419
        },
        {
            "x": 560,
            "y": 98,
            "hp": 150,
            "gold": 170,
            "exp": 25,
            "range": 10,
            "attack": 188
        },
        {
            "x": 578,
            "y": 90,
            "hp": 428,
            "gold": 2006,
            "exp": 24,
            "range": 10,
            "attack": 257
        },
        {
            "x": 578,
            "y": 96,
            "hp": 271,
            "gold": 282,
            "exp": 59,
            "range": 6,
            "attack": 438
        },
        {
            "x": 582,
            "y": 102,
            "hp": 406,
            "gold": 1333,
            "exp": 32,
            "range": 9,
            "attack": 485
        },
        {
            "x": 576,
            "y": 91,
            "hp": 153,
            "gold": 303,
            "exp": 46,
            "range": 8,
            "attack": 369
        },
        {
            "x": 11,
            "y": 404,
            "hp": 923,
            "gold": 3005,
            "exp": 125,
            "range": 9,
            "attack": 443
        },
        {
            "x": 13,
            "y": 408,
            "hp": 376,
            "gold": 375,
            "exp": 164,
            "range": 7,
            "attack": 430
        },
        {
            "x": 18,
            "y": 416,
            "hp": 449,
            "gold": 585,
            "exp": 26,
            "range": 7,
            "attack": 151
        },
        {
            "x": 10,
            "y": 409,
            "hp": 150,
            "gold": 308,
            "exp": 19,
            "range": 6,
            "attack": 473
        },
        {
            "x": 29,
            "y": 408,
            "hp": 271,
            "gold": 185,
            "exp": 151,
            "range": 9,
            "attack": 126
        },
        {
            "x": 23,
            "y": 412,
            "hp": 438,
            "gold": 2391,
            "exp": 36,
            "range": 8,
            "attack": 314
        },
        {
            "x": 38,
            "y": 422,
            "hp": 366,
            "gold": 787,
            "exp": 21,
            "range": 9,
            "attack": 170
        },
        {
            "x": 18,
            "y": 393,
            "hp": 124,
            "gold": 248,
            "exp": 41,
            "range": 7,
            "attack": 258
        },
        {
            "x": 151,
            "y": 958,
            "hp": 901,
            "gold": 1073,
            "exp": 36,
            "range": 7,
            "attack": 260
        },
        {
            "x": 159,
            "y": 964,
            "hp": 381,
            "gold": 1899,
            "exp": 76,
            "range": 7,
            "attack": 313
        },
        {
            "x": 170,
            "y": 944,
            "hp": 189,
            "gold": 923,
            "exp": 18,
            "range": 5,
            "attack": 218
        },
        {
            "x": 171,
            "y": 970,
            "hp": 397,
            "gold": 613,
            "exp": 105,
            "range": 6,
            "attack": 373
        },
        {
            "x": 154,
            "y": 961,
            "hp": 371,
            "gold": 1050,
            "exp": 118,
            "range": 6,
            "attack": 239
        },
        {
            "x": 501,
            "y": 970,
            "hp": 580,
            "gold": 1702,
            "exp": 213,
            "range": 7,
            "attack": 263
        },
        {
            "x": 510,
            "y": 994,
            "hp": 171,
            "gold": 177,
            "exp": 33,
            "range": 9,
            "attack": 377
        },
        {
            "x": 499,
            "y": 970,
            "hp": 158,
            "gold": 475,
            "exp": 73,
            "range": 6,
            "attack": 440
        },
        {
            "x": 519,
            "y": 1004,
            "hp": 277,
            "gold": 2049,
            "exp": 211,
            "range": 10,
            "attack": 119
        },
        {
            "x": 534,
            "y": 977,
            "hp": 321,
            "gold": 524,
            "exp": 68,
            "range": 7,
            "attack": 295
        },
        {
            "x": 1159,
            "y": 1414,
            "hp": 688,
            "gold": 418,
            "exp": 29,
            "range": 10,
            "attack": 499
        },
        {
            "x": 1161,
            "y": 1408,
            "hp": 311,
            "gold": 257,
            "exp": 54,
            "range": 7,
            "attack": 219
        },
        {
            "x": 1143,
            "y": 1414,
            "hp": 382,
            "gold": 1711,
            "exp": 73,
            "range": 6,
            "attack": 107
        },
        {
            "x": 1156,
            "y": 1414,
            "hp": 393,
            "gold": 1505,
            "exp": 55,
            "range": 10,
            "attack": 454
        },
        {
            "x": 1131,
            "y": 1414,
            "hp": 123,
            "gold": 159,
            "exp": 28,
            "range": 7,
            "attack": 490
        },
        {
            "x": 1128,
            "y": 1401,
            "hp": 114,
            "gold": 137,
            "exp": 20,
            "range": 8,
            "attack": 89
        },
        {
            "x": 1144,
            "y": 1400,
            "hp": 294,
            "gold": 836,
            "exp": 104,
            "range": 10,
            "attack": 27
        },
        {
            "x": 789,
            "y": 1414,
            "hp": 833,
            "gold": 655,
            "exp": 274,
            "range": 6,
            "attack": 164
        },
        {
            "x": 797,
            "y": 1414,
            "hp": 464,
            "gold": 609,
            "exp": 133,
            "range": 10,
            "attack": 138
        },
        {
            "x": 789,
            "y": 1408,
            "hp": 200,
            "gold": 289,
            "exp": 75,
            "range": 10,
            "attack": 179
        },
        {
            "x": 792,
            "y": 1412,
            "hp": 297,
            "gold": 740,
            "exp": 75,
            "range": 10,
            "attack": 469
        },
        {
            "x": 786,
            "y": 1404,
            "hp": 367,
            "gold": 809,
            "exp": 113,
            "range": 5,
            "attack": 361
        },
        {
            "x": 774,
            "y": 1414,
            "hp": 366,
            "gold": 460,
            "exp": 100,
            "range": 9,
            "attack": 451
        },
        {
            "x": 795,
            "y": 1384,
            "hp": 423,
            "gold": 1181,
            "exp": 112,
            "range": 7,
            "attack": 194
        },
        {
            "x": 776,
            "y": 1385,
            "hp": 344,
            "gold": 703,
            "exp": 74,
            "range": 6,
            "attack": 383
        },
        {
            "x": 857,
            "y": 495,
            "hp": 662,
            "gold": 1783,
            "exp": 31,
            "range": 10,
            "attack": 5
        },
        {
            "x": 852,
            "y": 487,
            "hp": 204,
            "gold": 253,
            "exp": 100,
            "range": 6,
            "attack": 389
        },
        {
            "x": 885,
            "y": 503,
            "hp": 388,
            "gold": 1506,
            "exp": 103,
            "range": 8,
            "attack": 376
        },
        {
            "x": 888,
            "y": 509,
            "hp": 197,
            "gold": 474,
            "exp": 81,
            "range": 9,
            "attack": 200
        },
        {
            "x": 863,
            "y": 505,
            "hp": 262,
            "gold": 1343,
            "exp": 29,
            "range": 9,
            "attack": 71
        },
        {
            "x": 742,
            "y": 889,
            "hp": 588,
            "gold": 4504,
            "exp": 44,
            "range": 6,
            "attack": 163
        },
        {
            "x": 752,
            "y": 885,
            "hp": 143,
            "gold": 236,
            "exp": 83,
            "range": 10,
            "attack": 341
        },
        {
            "x": 739,
            "y": 882,
            "hp": 235,
            "gold": 767,
            "exp": 87,
            "range": 9,
            "attack": 133
        },
        {
            "x": 723,
            "y": 910,
            "hp": 441,
            "gold": 536,
            "exp": 51,
            "range": 6,
            "attack": 376
        },
        {
            "x": 748,
            "y": 906,
            "hp": 126,
            "gold": 185,
            "exp": 15,
            "range": 10,
            "attack": 88
        },
        {
            "x": 758,
            "y": 894,
            "hp": 401,
            "gold": 990,
            "exp": 102,
            "range": 10,
            "attack": 288
        },
        {
            "x": 212,
            "y": 1337,
            "hp": 599,
            "gold": 1893,
            "exp": 376,
            "range": 9,
            "attack": 398
        },
        {
            "x": 193,
            "y": 1318,
            "hp": 302,
            "gold": 1268,
            "exp": 223,
            "range": 6,
            "attack": 17
        },
        {
            "x": 221,
            "y": 1337,
            "hp": 473,
            "gold": 1191,
            "exp": 50,
            "range": 9,
            "attack": 266
        },
        {
            "x": 203,
            "y": 1306,
            "hp": 413,
            "gold": 1447,
            "exp": 272,
            "range": 8,
            "attack": 88
        },
        {
            "x": 203,
            "y": 1321,
            "hp": 354,
            "gold": 263,
            "exp": 27,
            "range": 9,
            "attack": 212
        },
        {
            "x": 228,
            "y": 1320,
            "hp": 429,
            "gold": 525,
            "exp": 84,
            "range": 9,
            "attack": 198
        },
        {
            "x": 195,
            "y": 1328,
            "hp": 328,
            "gold": 1249,
            "exp": 38,
            "range": 9,
            "attack": 121
        },
        {
            "x": 1359,
            "y": 673,
            "hp": 645,
            "gold": 2285,
            "exp": 168,
            "range": 9,
            "attack": 337
        },
        {
            "x": 1361,
            "y": 673,
            "hp": 430,
            "gold": 2744,
            "exp": 275,
            "range": 9,
            "attack": 404
        },
        {
            "x": 1331,
            "y": 681,
            "hp": 278,
            "gold": 363,
            "exp": 28,
            "range": 8,
            "attack": 265
        },
        {
            "x": 1337,
            "y": 667,
            "hp": 382,
            "gold": 1882,
            "exp": 270,
            "range": 8,
            "attack": 77
        },
        {
            "x": 1323,
            "y": 661,
            "hp": 404,
            "gold": 3370,
            "exp": 229,
            "range": 8,
            "attack": 460
        },
        {
            "x": 1358,
            "y": 665,
            "hp": 227,
            "gold": 771,
            "exp": 34,
            "range": 10,
            "attack": 251
        },
        {
            "x": 1354,
            "y": 661,
            "hp": 403,
            "gold": 1758,
            "exp": 31,
            "range": 6,
            "attack": 398
        },
        {
            "x": 1324,
            "y": 670,
            "hp": 348,
            "gold": 2222,
            "exp": 101,
            "range": 7,
            "attack": 483
        },
        {
            "x": 1002,
            "y": 94,
            "hp": 622,
            "gold": 724,
            "exp": 180,
            "range": 9,
            "attack": 48
        },
        {
            "x": 1000,
            "y": 113,
            "hp": 179,
            "gold": 175,
            "exp": 24,
            "range": 7,
            "attack": 391
        },
        {
            "x": 1006,
            "y": 100,
            "hp": 368,
            "gold": 372,
            "exp": 127,
            "range": 8,
            "attack": 202
        },
        {
            "x": 1024,
            "y": 109,
            "hp": 149,
            "gold": 161,
            "exp": 80,
            "range": 7,
            "attack": 95
        },
        {
            "x": 1006,
            "y": 114,
            "hp": 113,
            "gold": 289,
            "exp": 62,
            "range": 9,
            "attack": 206
        },
        {
            "x": 1018,
            "y": 103,
            "hp": 284,
            "gold": 664,
            "exp": 137,
            "range": 6,
            "attack": 233
        },
        {
            "x": 1021,
            "y": 127,
            "hp": 346,
            "gold": 632,
            "exp": 56,
            "range": 7,
            "attack": 170
        },
        {
            "x": 1014,
            "y": 115,
            "hp": 397,
            "gold": 621,
            "exp": 54,
            "range": 8,
            "attack": 451
        },
        {
            "x": 467,
            "y": 926,
            "hp": 911,
            "gold": 6730,
            "exp": 130,
            "range": 5,
            "attack": 406
        },
        {
            "x": 460,
            "y": 923,
            "hp": 471,
            "gold": 1832,
            "exp": 310,
            "range": 9,
            "attack": 264
        },
        {
            "x": 445,
            "y": 908,
            "hp": 397,
            "gold": 2919,
            "exp": 70,
            "range": 10,
            "attack": 165
        },
        {
            "x": 463,
            "y": 905,
            "hp": 371,
            "gold": 875,
            "exp": 115,
            "range": 6,
            "attack": 471
        },
        {
            "x": 455,
            "y": 940,
            "hp": 298,
            "gold": 1705,
            "exp": 55,
            "range": 9,
            "attack": 173
        },
        {
            "x": 159,
            "y": 656,
            "hp": 622,
            "gold": 526,
            "exp": 272,
            "range": 9,
            "attack": 71
        },
        {
            "x": 155,
            "y": 665,
            "hp": 329,
            "gold": 1228,
            "exp": 83,
            "range": 6,
            "attack": 211
        },
        {
            "x": 137,
            "y": 660,
            "hp": 457,
            "gold": 2285,
            "exp": 243,
            "range": 10,
            "attack": 218
        },
        {
            "x": 149,
            "y": 678,
            "hp": 355,
            "gold": 847,
            "exp": 58,
            "range": 6,
            "attack": 115
        },
        {
            "x": 140,
            "y": 665,
            "hp": 206,
            "gold": 983,
            "exp": 35,
            "range": 9,
            "attack": 322
        },
        {
            "x": 132,
            "y": 660,
            "hp": 440,
            "gold": 649,
            "exp": 42,
            "range": 9,
            "attack": 482
        },
        {
            "x": 134,
            "y": 651,
            "hp": 488,
            "gold": 503,
            "exp": 32,
            "range": 5,
            "attack": 307
        },
        {
            "x": 1192,
            "y": 1313,
            "hp": 769,
            "gold": 752,
            "exp": 160,
            "range": 7,
            "attack": 370
        },
        {
            "x": 1187,
            "y": 1324,
            "hp": 350,
            "gold": 1641,
            "exp": 235,
            "range": 7,
            "attack": 382
        },
        {
            "x": 1178,
            "y": 1315,
            "hp": 317,
            "gold": 485,
            "exp": 46,
            "range": 7,
            "attack": 34
        },
        {
            "x": 1167,
            "y": 1329,
            "hp": 106,
            "gold": 235,
            "exp": 46,
            "range": 5,
            "attack": 486
        },
        {
            "x": 1202,
            "y": 1335,
            "hp": 416,
            "gold": 585,
            "exp": 91,
            "range": 5,
            "attack": 485
        },
        {
            "x": 1203,
            "y": 1312,
            "hp": 430,
            "gold": 1811,
            "exp": 68,
            "range": 6,
            "attack": 492
        },
        {
            "x": 612,
            "y": 7,
            "hp": 697,
            "gold": 3663,
            "exp": 252,
            "range": 9,
            "attack": 295
        },
        {
            "x": 596,
            "y": 13,
            "hp": 286,
            "gold": 336,
            "exp": 58,
            "range": 9,
            "attack": 337
        },
        {
            "x": 601,
            "y": 14,
            "hp": 220,
            "gold": 179,
            "exp": 123,
            "range": 9,
            "attack": 90
        },
        {
            "x": 618,
            "y": 22,
            "hp": 258,
            "gold": 237,
            "exp": 39,
            "range": 5,
            "attack": 48
        },
        {
            "x": 618,
            "y": 25,
            "hp": 433,
            "gold": 505,
            "exp": 292,
            "range": 10,
            "attack": 274
        },
        {
            "x": 629,
            "y": 0,
            "hp": 490,
            "gold": 3188,
            "exp": 62,
            "range": 10,
            "attack": 406
        },
        {
            "x": 609,
            "y": 13,
            "hp": 428,
            "gold": 473,
            "exp": 87,
            "range": 5,
            "attack": 229
        },
        {
            "x": 914,
            "y": 163,
            "hp": 736,
            "gold": 666,
            "exp": 182,
            "range": 9,
            "attack": 449
        },
        {
            "x": 885,
            "y": 141,
            "hp": 427,
            "gold": 355,
            "exp": 42,
            "range": 6,
            "attack": 23
        },
        {
            "x": 890,
            "y": 167,
            "hp": 250,
            "gold": 346,
            "exp": 40,
            "range": 10,
            "attack": 84
        },
        {
            "x": 914,
            "y": 143,
            "hp": 185,
            "gold": 128,
            "exp": 70,
            "range": 7,
            "attack": 491
        },
        {
            "x": 896,
            "y": 157,
            "hp": 124,
            "gold": 442,
            "exp": 13,
            "range": 7,
            "attack": 40
        },
        {
            "x": 915,
            "y": 151,
            "hp": 302,
            "gold": 1705,
            "exp": 161,
            "range": 10,
            "attack": 308
        },
        {
            "x": 891,
            "y": 177,
            "hp": 248,
            "gold": 213,
            "exp": 128,
            "range": 10,
            "attack": 47
        },
        {
            "x": 485,
            "y": 1160,
            "hp": 770,
            "gold": 666,
            "exp": 251,
            "range": 8,
            "attack": 81
        },
        {
            "x": 501,
            "y": 1130,
            "hp": 449,
            "gold": 965,
            "exp": 124,
            "range": 9,
            "attack": 313
        },
        {
            "x": 481,
            "y": 1163,
            "hp": 194,
            "gold": 509,
            "exp": 38,
            "range": 7,
            "attack": 109
        },
        {
            "x": 487,
            "y": 1164,
            "hp": 234,
            "gold": 892,
            "exp": 35,
            "range": 9,
            "attack": 30
        },
        {
            "x": 504,
            "y": 1129,
            "hp": 367,
            "gold": 1889,
            "exp": 78,
            "range": 9,
            "attack": 140
        },
        {
            "x": 480,
            "y": 1136,
            "hp": 174,
            "gold": 644,
            "exp": 119,
            "range": 10,
            "attack": 286
        },
        {
            "x": 470,
            "y": 1134,
            "hp": 346,
            "gold": 613,
            "exp": 106,
            "range": 6,
            "attack": 438
        },
        {
            "x": 1381,
            "y": 491,
            "hp": 709,
            "gold": 2619,
            "exp": 137,
            "range": 10,
            "attack": 464
        },
        {
            "x": 1384,
            "y": 477,
            "hp": 135,
            "gold": 160,
            "exp": 65,
            "range": 5,
            "attack": 438
        },
        {
            "x": 1407,
            "y": 468,
            "hp": 338,
            "gold": 285,
            "exp": 201,
            "range": 10,
            "attack": 295
        },
        {
            "x": 1385,
            "y": 465,
            "hp": 245,
            "gold": 235,
            "exp": 131,
            "range": 5,
            "attack": 102
        },
        {
            "x": 1370,
            "y": 500,
            "hp": 457,
            "gold": 361,
            "exp": 26,
            "range": 6,
            "attack": 442
        },
        {
            "x": 1392,
            "y": 501,
            "hp": 247,
            "gold": 1023,
            "exp": 41,
            "range": 10,
            "attack": 311
        },
        {
            "x": 1370,
            "y": 468,
            "hp": 459,
            "gold": 332,
            "exp": 32,
            "range": 9,
            "attack": 16
        },
        {
            "x": 1404,
            "y": 471,
            "hp": 279,
            "gold": 628,
            "exp": 78,
            "range": 10,
            "attack": 272
        },
        {
            "x": 737,
            "y": 572,
            "hp": 572,
            "gold": 3543,
            "exp": 52,
            "range": 10,
            "attack": 499
        },
        {
            "x": 746,
            "y": 549,
            "hp": 211,
            "gold": 673,
            "exp": 107,
            "range": 7,
            "attack": 280
        },
        {
            "x": 745,
            "y": 561,
            "hp": 294,
            "gold": 742,
            "exp": 30,
            "range": 9,
            "attack": 156
        },
        {
            "x": 726,
            "y": 541,
            "hp": 216,
            "gold": 157,
            "exp": 20,
            "range": 5,
            "attack": 155
        },
        {
            "x": 748,
            "y": 544,
            "hp": 178,
            "gold": 159,
            "exp": 15,
            "range": 10,
            "attack": 180
        },
        {
            "x": 732,
            "y": 547,
            "hp": 163,
            "gold": 226,
            "exp": 17,
            "range": 8,
            "attack": 29
        },
        {
            "x": 749,
            "y": 562,
            "hp": 272,
            "gold": 540,
            "exp": 108,
            "range": 8,
            "attack": 277
        },
        {
            "x": 728,
            "y": 578,
            "hp": 366,
            "gold": 273,
            "exp": 48,
            "range": 10,
            "attack": 460
        },
        {
            "x": 671,
            "y": 152,
            "hp": 899,
            "gold": 2042,
            "exp": 99,
            "range": 7,
            "attack": 476
        },
        {
            "x": 695,
            "y": 145,
            "hp": 393,
            "gold": 583,
            "exp": 76,
            "range": 7,
            "attack": 68
        },
        {
            "x": 690,
            "y": 150,
            "hp": 445,
            "gold": 2624,
            "exp": 39,
            "range": 5,
            "attack": 53
        },
        {
            "x": 679,
            "y": 148,
            "hp": 302,
            "gold": 211,
            "exp": 57,
            "range": 7,
            "attack": 49
        },
        {
            "x": 697,
            "y": 122,
            "hp": 206,
            "gold": 676,
            "exp": 20,
            "range": 6,
            "attack": 241
        },
        {
            "x": 673,
            "y": 143,
            "hp": 107,
            "gold": 473,
            "exp": 22,
            "range": 10,
            "attack": 495
        },
        {
            "x": 690,
            "y": 134,
            "hp": 162,
            "gold": 316,
            "exp": 45,
            "range": 6,
            "attack": 245
        },
        {
            "x": 722,
            "y": 1056,
            "hp": 658,
            "gold": 666,
            "exp": 68,
            "range": 9,
            "attack": 498
        },
        {
            "x": 729,
            "y": 1047,
            "hp": 401,
            "gold": 1870,
            "exp": 32,
            "range": 10,
            "attack": 345
        },
        {
            "x": 758,
            "y": 1070,
            "hp": 312,
            "gold": 350,
            "exp": 66,
            "range": 9,
            "attack": 180
        },
        {
            "x": 736,
            "y": 1049,
            "hp": 249,
            "gold": 438,
            "exp": 75,
            "range": 10,
            "attack": 391
        },
        {
            "x": 755,
            "y": 1067,
            "hp": 423,
            "gold": 1524,
            "exp": 45,
            "range": 5,
            "attack": 132
        },
        {
            "x": 746,
            "y": 1078,
            "hp": 429,
            "gold": 687,
            "exp": 85,
            "range": 9,
            "attack": 2
        },
        {
            "x": 749,
            "y": 1048,
            "hp": 112,
            "gold": 143,
            "exp": 68,
            "range": 10,
            "attack": 185
        },
        {
            "x": 750,
            "y": 1049,
            "hp": 354,
            "gold": 732,
            "exp": 76,
            "range": 7,
            "attack": 196
        },
        {
            "x": 1136,
            "y": 746,
            "hp": 601,
            "gold": 3571,
            "exp": 169,
            "range": 5,
            "attack": 37
        },
        {
            "x": 1139,
            "y": 724,
            "hp": 188,
            "gold": 500,
            "exp": 47,
            "range": 10,
            "attack": 372
        },
        {
            "x": 1139,
            "y": 732,
            "hp": 243,
            "gold": 377,
            "exp": 75,
            "range": 6,
            "attack": 458
        },
        {
            "x": 1131,
            "y": 730,
            "hp": 325,
            "gold": 831,
            "exp": 35,
            "range": 10,
            "attack": 352
        },
        {
            "x": 1151,
            "y": 750,
            "hp": 258,
            "gold": 602,
            "exp": 156,
            "range": 9,
            "attack": 56
        },
        {
            "x": 1157,
            "y": 735,
            "hp": 174,
            "gold": 554,
            "exp": 33,
            "range": 8,
            "attack": 139
        },
        {
            "x": 1385,
            "y": 979,
            "hp": 758,
            "gold": 1511,
            "exp": 312,
            "range": 10,
            "attack": 223
        },
        {
            "x": 1387,
            "y": 1001,
            "hp": 336,
            "gold": 534,
            "exp": 43,
            "range": 9,
            "attack": 47
        },
        {
            "x": 1388,
            "y": 980,
            "hp": 237,
            "gold": 1206,
            "exp": 172,
            "range": 7,
            "attack": 320
        },
        {
            "x": 1367,
            "y": 998,
            "hp": 117,
            "gold": 491,
            "exp": 37,
            "range": 6,
            "attack": 381
        },
        {
            "x": 1369,
            "y": 1006,
            "hp": 385,
            "gold": 385,
            "exp": 129,
            "range": 5,
            "attack": 497
        },
        {
            "x": 1358,
            "y": 1002,
            "hp": 388,
            "gold": 506,
            "exp": 108,
            "range": 7,
            "attack": 164
        },
        {
            "x": 830,
            "y": 216,
            "hp": 575,
            "gold": 2348,
            "exp": 62,
            "range": 7,
            "attack": 136
        },
        {
            "x": 854,
            "y": 206,
            "hp": 497,
            "gold": 3642,
            "exp": 66,
            "range": 7,
            "attack": 230
        },
        {
            "x": 843,
            "y": 222,
            "hp": 277,
            "gold": 670,
            "exp": 35,
            "range": 6,
            "attack": 54
        },
        {
            "x": 836,
            "y": 238,
            "hp": 173,
            "gold": 173,
            "exp": 30,
            "range": 7,
            "attack": 404
        },
        {
            "x": 818,
            "y": 214,
            "hp": 323,
            "gold": 217,
            "exp": 96,
            "range": 9,
            "attack": 4
        },
        {
            "x": 832,
            "y": 208,
            "hp": 446,
            "gold": 2095,
            "exp": 224,
            "range": 6,
            "attack": 204
        },
        {
            "x": 819,
            "y": 1101,
            "hp": 907,
            "gold": 648,
            "exp": 154,
            "range": 6,
            "attack": 315
        },
        {
            "x": 816,
            "y": 1102,
            "hp": 305,
            "gold": 200,
            "exp": 60,
            "range": 8,
            "attack": 423
        },
        {
            "x": 817,
            "y": 1101,
            "hp": 149,
            "gold": 133,
            "exp": 17,
            "range": 9,
            "attack": 253
        },
        {
            "x": 810,
            "y": 1118,
            "hp": 132,
            "gold": 199,
            "exp": 18,
            "range": 5,
            "attack": 205
        },
        {
            "x": 816,
            "y": 1100,
            "hp": 164,
            "gold": 319,
            "exp": 102,
            "range": 5,
            "attack": 321
        },
        {
            "x": 439,
            "y": 1414,
            "hp": 723,
            "gold": 4889,
            "exp": 77,
            "range": 7,
            "attack": 225
        },
        {
            "x": 439,
            "y": 1413,
            "hp": 101,
            "gold": 261,
            "exp": 55,
            "range": 5,
            "attack": 165
        },
        {
            "x": 417,
            "y": 1390,
            "hp": 444,
            "gold": 826,
            "exp": 149,
            "range": 6,
            "attack": 164
        },
        {
            "x": 425,
            "y": 1407,
            "hp": 177,
            "gold": 718,
            "exp": 21,
            "range": 10,
            "attack": 360
        },
        {
            "x": 429,
            "y": 1393,
            "hp": 431,
            "gold": 1684,
            "exp": 89,
            "range": 10,
            "attack": 290
        },
        {
            "x": 417,
            "y": 1394,
            "hp": 128,
            "gold": 623,
            "exp": 30,
            "range": 6,
            "attack": 149
        },
        {
            "x": 429,
            "y": 1414,
            "hp": 167,
            "gold": 709,
            "exp": 32,
            "range": 9,
            "attack": 97
        },
        {
            "x": 445,
            "y": 1414,
            "hp": 426,
            "gold": 2010,
            "exp": 71,
            "range": 6,
            "attack": 375
        },
        {
            "x": 403,
            "y": 1215,
            "hp": 703,
            "gold": 2536,
            "exp": 74,
            "range": 5,
            "attack": 408
        },
        {
            "x": 399,
            "y": 1246,
            "hp": 240,
            "gold": 1392,
            "exp": 62,
            "range": 9,
            "attack": 262
        },
        {
            "x": 414,
            "y": 1229,
            "hp": 137,
            "gold": 214,
            "exp": 21,
            "range": 9,
            "attack": 210
        },
        {
            "x": 417,
            "y": 1225,
            "hp": 484,
            "gold": 1457,
            "exp": 310,
            "range": 9,
            "attack": 296
        },
        {
            "x": 403,
            "y": 1246,
            "hp": 311,
            "gold": 2204,
            "exp": 41,
            "range": 9,
            "attack": 227
        },
        {
            "x": 417,
            "y": 1233,
            "hp": 253,
            "gold": 647,
            "exp": 140,
            "range": 7,
            "attack": 255
        },
        {
            "x": 403,
            "y": 1240,
            "hp": 296,
            "gold": 989,
            "exp": 89,
            "range": 6,
            "attack": 469
        },
        {
            "x": 417,
            "y": 1238,
            "hp": 245,
            "gold": 1601,
            "exp": 106,
            "range": 10,
            "attack": 280
        },
        {
            "x": 66,
            "y": 567,
            "hp": 679,
            "gold": 554,
            "exp": 281,
            "range": 5,
            "attack": 161
        },
        {
            "x": 39,
            "y": 570,
            "hp": 414,
            "gold": 889,
            "exp": 137,
            "range": 6,
            "attack": 13
        },
        {
            "x": 53,
            "y": 568,
            "hp": 121,
            "gold": 230,
            "exp": 35,
            "range": 6,
            "attack": 50
        },
        {
            "x": 56,
            "y": 584,
            "hp": 113,
            "gold": 207,
            "exp": 29,
            "range": 8,
            "attack": 79
        },
        {
            "x": 52,
            "y": 552,
            "hp": 214,
            "gold": 740,
            "exp": 112,
            "range": 5,
            "attack": 237
        },
        {
            "x": 49,
            "y": 553,
            "hp": 364,
            "gold": 1422,
            "exp": 48,
            "range": 10,
            "attack": 277
        },
        {
            "x": 69,
            "y": 547,
            "hp": 438,
            "gold": 916,
            "exp": 176,
            "range": 7,
            "attack": 411
        },
        {
            "x": 828,
            "y": 788,
            "hp": 658,
            "gold": 1134,
            "exp": 90,
            "range": 6,
            "attack": 32
        },
        {
            "x": 800,
            "y": 761,
            "hp": 140,
            "gold": 226,
            "exp": 44,
            "range": 5,
            "attack": 293
        },
        {
            "x": 800,
            "y": 778,
            "hp": 243,
            "gold": 460,
            "exp": 158,
            "range": 9,
            "attack": 449
        },
        {
            "x": 825,
            "y": 764,
            "hp": 200,
            "gold": 323,
            "exp": 143,
            "range": 5,
            "attack": 499
        },
        {
            "x": 817,
            "y": 754,
            "hp": 300,
            "gold": 1263,
            "exp": 140,
            "range": 7,
            "attack": 487
        },
        {
            "x": 794,
            "y": 770,
            "hp": 198,
            "gold": 283,
            "exp": 28,
            "range": 9,
            "attack": 264
        },
        {
            "x": 825,
            "y": 760,
            "hp": 288,
            "gold": 250,
            "exp": 169,
            "range": 10,
            "attack": 1
        },
        {
            "x": 1258,
            "y": 849,
            "hp": 917,
            "gold": 2512,
            "exp": 216,
            "range": 6,
            "attack": 411
        },
        {
            "x": 1249,
            "y": 864,
            "hp": 128,
            "gold": 319,
            "exp": 24,
            "range": 8,
            "attack": 321
        },
        {
            "x": 1260,
            "y": 838,
            "hp": 332,
            "gold": 319,
            "exp": 116,
            "range": 5,
            "attack": 72
        },
        {
            "x": 1280,
            "y": 866,
            "hp": 155,
            "gold": 764,
            "exp": 23,
            "range": 9,
            "attack": 67
        },
        {
            "x": 1276,
            "y": 837,
            "hp": 412,
            "gold": 1237,
            "exp": 78,
            "range": 5,
            "attack": 187
        },
        {
            "x": 331,
            "y": 767,
            "hp": 563,
            "gold": 1507,
            "exp": 290,
            "range": 7,
            "attack": 457
        },
        {
            "x": 325,
            "y": 802,
            "hp": 222,
            "gold": 332,
            "exp": 79,
            "range": 7,
            "attack": 367
        },
        {
            "x": 325,
            "y": 806,
            "hp": 450,
            "gold": 347,
            "exp": 202,
            "range": 9,
            "attack": 199
        },
        {
            "x": 308,
            "y": 793,
            "hp": 454,
            "gold": 2786,
            "exp": 53,
            "range": 7,
            "attack": 377
        },
        {
            "x": 321,
            "y": 791,
            "hp": 402,
            "gold": 1254,
            "exp": 185,
            "range": 10,
            "attack": 164
        },
        {
            "x": 323,
            "y": 773,
            "hp": 443,
            "gold": 1044,
            "exp": 55,
            "range": 7,
            "attack": 237
        },
        {
            "x": 314,
            "y": 777,
            "hp": 182,
            "gold": 910,
            "exp": 58,
            "range": 7,
            "attack": 124
        },
        {
            "x": 1024,
            "y": 368,
            "hp": 886,
            "gold": 1443,
            "exp": 171,
            "range": 5,
            "attack": 187
        },
        {
            "x": 1033,
            "y": 354,
            "hp": 486,
            "gold": 544,
            "exp": 37,
            "range": 8,
            "attack": 90
        },
        {
            "x": 1048,
            "y": 366,
            "hp": 458,
            "gold": 1086,
            "exp": 104,
            "range": 7,
            "attack": 152
        },
        {
            "x": 1025,
            "y": 351,
            "hp": 139,
            "gold": 413,
            "exp": 24,
            "range": 7,
            "attack": 249
        },
        {
            "x": 1046,
            "y": 363,
            "hp": 101,
            "gold": 224,
            "exp": 12,
            "range": 5,
            "attack": 37
        },
        {
            "x": 70,
            "y": 101,
            "hp": 681,
            "gold": 1200,
            "exp": 29,
            "range": 7,
            "attack": 158
        },
        {
            "x": 64,
            "y": 89,
            "hp": 138,
            "gold": 430,
            "exp": 87,
            "range": 7,
            "attack": 102
        },
        {
            "x": 53,
            "y": 113,
            "hp": 199,
            "gold": 949,
            "exp": 42,
            "range": 8,
            "attack": 52
        },
        {
            "x": 47,
            "y": 110,
            "hp": 123,
            "gold": 349,
            "exp": 38,
            "range": 9,
            "attack": 454
        },
        {
            "x": 53,
            "y": 87,
            "hp": 257,
            "gold": 619,
            "exp": 19,
            "range": 8,
            "attack": 327
        },
        {
            "x": 603,
            "y": 1185,
            "hp": 746,
            "gold": 671,
            "exp": 40,
            "range": 8,
            "attack": 269
        },
        {
            "x": 610,
            "y": 1184,
            "hp": 114,
            "gold": 254,
            "exp": 14,
            "range": 10,
            "attack": 103
        },
        {
            "x": 598,
            "y": 1154,
            "hp": 248,
            "gold": 552,
            "exp": 146,
            "range": 10,
            "attack": 129
        },
        {
            "x": 589,
            "y": 1180,
            "hp": 355,
            "gold": 989,
            "exp": 89,
            "range": 9,
            "attack": 140
        },
        {
            "x": 605,
            "y": 1169,
            "hp": 306,
            "gold": 203,
            "exp": 88,
            "range": 5,
            "attack": 48
        },
        {
            "x": 595,
            "y": 1182,
            "hp": 463,
            "gold": 384,
            "exp": 254,
            "range": 8,
            "attack": 115
        },
        {
            "x": 593,
            "y": 1149,
            "hp": 196,
            "gold": 177,
            "exp": 25,
            "range": 5,
            "attack": 327
        },
        {
            "x": 262,
            "y": 1044,
            "hp": 849,
            "gold": 1683,
            "exp": 111,
            "range": 5,
            "attack": 487
        },
        {
            "x": 251,
            "y": 1033,
            "hp": 178,
            "gold": 188,
            "exp": 49,
            "range": 10,
            "attack": 155
        },
        {
            "x": 250,
            "y": 1028,
            "hp": 237,
            "gold": 171,
            "exp": 48,
            "range": 9,
            "attack": 142
        },
        {
            "x": 263,
            "y": 1042,
            "hp": 420,
            "gold": 1512,
            "exp": 78,
            "range": 9,
            "attack": 149
        },
        {
            "x": 247,
            "y": 1030,
            "hp": 210,
            "gold": 470,
            "exp": 102,
            "range": 8,
            "attack": 295
        },
        {
            "x": 259,
            "y": 1051,
            "hp": 272,
            "gold": 427,
            "exp": 40,
            "range": 7,
            "attack": 240
        },
        {
            "x": 263,
            "y": 1033,
            "hp": 364,
            "gold": 1724,
            "exp": 28,
            "range": 8,
            "attack": 240
        },
        {
            "x": 140,
            "y": 816,
            "hp": 700,
            "gold": 1842,
            "exp": 83,
            "range": 7,
            "attack": 153
        },
        {
            "x": 141,
            "y": 846,
            "hp": 342,
            "gold": 1845,
            "exp": 102,
            "range": 6,
            "attack": 274
        },
        {
            "x": 146,
            "y": 841,
            "hp": 314,
            "gold": 829,
            "exp": 37,
            "range": 8,
            "attack": 5
        },
        {
            "x": 145,
            "y": 840,
            "hp": 485,
            "gold": 599,
            "exp": 300,
            "range": 9,
            "attack": 302
        },
        {
            "x": 146,
            "y": 829,
            "hp": 279,
            "gold": 977,
            "exp": 93,
            "range": 10,
            "attack": 108
        },
        {
            "x": 142,
            "y": 825,
            "hp": 136,
            "gold": 186,
            "exp": 14,
            "range": 6,
            "attack": 206
        },
        {
            "x": 1186,
            "y": 362,
            "hp": 567,
            "gold": 753,
            "exp": 197,
            "range": 8,
            "attack": 1
        },
        {
            "x": 1202,
            "y": 378,
            "hp": 173,
            "gold": 214,
            "exp": 21,
            "range": 9,
            "attack": 474
        },
        {
            "x": 1202,
            "y": 381,
            "hp": 228,
            "gold": 817,
            "exp": 22,
            "range": 6,
            "attack": 276
        },
        {
            "x": 1182,
            "y": 393,
            "hp": 260,
            "gold": 705,
            "exp": 130,
            "range": 5,
            "attack": 468
        },
        {
            "x": 1213,
            "y": 399,
            "hp": 443,
            "gold": 390,
            "exp": 33,
            "range": 5,
            "attack": 138
        },
        {
            "x": 1175,
            "y": 214,
            "hp": 675,
            "gold": 759,
            "exp": 83,
            "range": 8,
            "attack": 58
        },
        {
            "x": 1151,
            "y": 226,
            "hp": 354,
            "gold": 698,
            "exp": 26,
            "range": 10,
            "attack": 293
        },
        {
            "x": 1143,
            "y": 240,
            "hp": 310,
            "gold": 882,
            "exp": 38,
            "range": 9,
            "attack": 373
        },
        {
            "x": 1156,
            "y": 211,
            "hp": 224,
            "gold": 301,
            "exp": 53,
            "range": 5,
            "attack": 337
        },
        {
            "x": 1143,
            "y": 222,
            "hp": 342,
            "gold": 511,
            "exp": 177,
            "range": 10,
            "attack": 12
        },
        {
            "x": 1156,
            "y": 213,
            "hp": 319,
            "gold": 744,
            "exp": 27,
            "range": 5,
            "attack": 138
        },
        {
            "x": 1252,
            "y": 1307,
            "hp": 837,
            "gold": 873,
            "exp": 98,
            "range": 10,
            "attack": 15
        },
        {
            "x": 1237,
            "y": 1304,
            "hp": 250,
            "gold": 1104,
            "exp": 61,
            "range": 10,
            "attack": 268
        },
        {
            "x": 1235,
            "y": 1321,
            "hp": 284,
            "gold": 792,
            "exp": 31,
            "range": 5,
            "attack": 368
        },
        {
            "x": 1237,
            "y": 1328,
            "hp": 380,
            "gold": 1972,
            "exp": 31,
            "range": 7,
            "attack": 216
        },
        {
            "x": 1270,
            "y": 1297,
            "hp": 375,
            "gold": 768,
            "exp": 91,
            "range": 8,
            "attack": 312
        },
        {
            "x": 1255,
            "y": 1309,
            "hp": 419,
            "gold": 830,
            "exp": 87,
            "range": 5,
            "attack": 268
        },
        {
            "x": 1270,
            "y": 1301,
            "hp": 443,
            "gold": 999,
            "exp": 179,
            "range": 6,
            "attack": 374
        },
        {
            "x": 832,
            "y": 628,
            "hp": 931,
            "gold": 3623,
            "exp": 105,
            "range": 8,
            "attack": 152
        },
        {
            "x": 830,
            "y": 649,
            "hp": 412,
            "gold": 267,
            "exp": 88,
            "range": 5,
            "attack": 317
        },
        {
            "x": 856,
            "y": 649,
            "hp": 184,
            "gold": 147,
            "exp": 45,
            "range": 10,
            "attack": 454
        },
        {
            "x": 861,
            "y": 647,
            "hp": 479,
            "gold": 603,
            "exp": 177,
            "range": 9,
            "attack": 153
        },
        {
            "x": 833,
            "y": 623,
            "hp": 470,
            "gold": 2560,
            "exp": 268,
            "range": 7,
            "attack": 168
        },
        {
            "x": 864,
            "y": 634,
            "hp": 431,
            "gold": 348,
            "exp": 52,
            "range": 8,
            "attack": 215
        },
        {
            "x": 868,
            "y": 650,
            "hp": 173,
            "gold": 149,
            "exp": 73,
            "range": 6,
            "attack": 333
        },
        {
            "x": 865,
            "y": 648,
            "hp": 227,
            "gold": 415,
            "exp": 107,
            "range": 9,
            "attack": 446
        },
        {
            "x": 560,
            "y": 252,
            "hp": 786,
            "gold": 3492,
            "exp": 93,
            "range": 8,
            "attack": 263
        },
        {
            "x": 535,
            "y": 258,
            "hp": 295,
            "gold": 735,
            "exp": 30,
            "range": 6,
            "attack": 28
        },
        {
            "x": 565,
            "y": 242,
            "hp": 122,
            "gold": 123,
            "exp": 40,
            "range": 5,
            "attack": 492
        },
        {
            "x": 541,
            "y": 257,
            "hp": 452,
            "gold": 2279,
            "exp": 197,
            "range": 10,
            "attack": 306
        },
        {
            "x": 540,
            "y": 257,
            "hp": 292,
            "gold": 975,
            "exp": 48,
            "range": 10,
            "attack": 78
        },
        {
            "x": 539,
            "y": 256,
            "hp": 416,
            "gold": 389,
            "exp": 200,
            "range": 5,
            "attack": 180
        },
        {
            "x": 562,
            "y": 231,
            "hp": 286,
            "gold": 539,
            "exp": 121,
            "range": 6,
            "attack": 435
        },
        {
            "x": 545,
            "y": 262,
            "hp": 119,
            "gold": 674,
            "exp": 61,
            "range": 7,
            "attack": 428
        },
        {
            "x": 1254,
            "y": 221,
            "hp": 816,
            "gold": 6266,
            "exp": 194,
            "range": 9,
            "attack": 313
        },
        {
            "x": 1289,
            "y": 195,
            "hp": 403,
            "gold": 988,
            "exp": 35,
            "range": 8,
            "attack": 265
        },
        {
            "x": 1291,
            "y": 226,
            "hp": 126,
            "gold": 153,
            "exp": 69,
            "range": 7,
            "attack": 316
        },
        {
            "x": 1263,
            "y": 225,
            "hp": 302,
            "gold": 351,
            "exp": 94,
            "range": 6,
            "attack": 496
        },
        {
            "x": 1253,
            "y": 221,
            "hp": 346,
            "gold": 1666,
            "exp": 20,
            "range": 8,
            "attack": 390
        },
        {
            "x": 1272,
            "y": 223,
            "hp": 192,
            "gold": 343,
            "exp": 29,
            "range": 7,
            "attack": 225
        },
        {
            "x": 683,
            "y": 937,
            "hp": 867,
            "gold": 3717,
            "exp": 283,
            "range": 9,
            "attack": 31
        },
        {
            "x": 687,
            "y": 939,
            "hp": 329,
            "gold": 277,
            "exp": 26,
            "range": 10,
            "attack": 411
        },
        {
            "x": 676,
            "y": 962,
            "hp": 377,
            "gold": 2298,
            "exp": 22,
            "range": 8,
            "attack": 291
        },
        {
            "x": 658,
            "y": 964,
            "hp": 118,
            "gold": 399,
            "exp": 34,
            "range": 7,
            "attack": 354
        },
        {
            "x": 685,
            "y": 954,
            "hp": 334,
            "gold": 726,
            "exp": 187,
            "range": 9,
            "attack": 490
        },
        {
            "x": 687,
            "y": 958,
            "hp": 444,
            "gold": 920,
            "exp": 206,
            "range": 6,
            "attack": 217
        },
        {
            "x": 677,
            "y": 961,
            "hp": 299,
            "gold": 360,
            "exp": 138,
            "range": 8,
            "attack": 405
        },
        {
            "x": 1281,
            "y": 1383,
            "hp": 651,
            "gold": 4862,
            "exp": 51,
            "range": 5,
            "attack": 229
        },
        {
            "x": 1263,
            "y": 1396,
            "hp": 360,
            "gold": 2713,
            "exp": 105,
            "range": 9,
            "attack": 346
        },
        {
            "x": 1283,
            "y": 1391,
            "hp": 489,
            "gold": 1088,
            "exp": 199,
            "range": 10,
            "attack": 126
        },
        {
            "x": 1268,
            "y": 1379,
            "hp": 281,
            "gold": 1232,
            "exp": 45,
            "range": 10,
            "attack": 372
        },
        {
            "x": 1267,
            "y": 1379,
            "hp": 114,
            "gold": 292,
            "exp": 58,
            "range": 7,
            "attack": 493
        },
        {
            "x": 1262,
            "y": 1381,
            "hp": 122,
            "gold": 377,
            "exp": 16,
            "range": 9,
            "attack": 342
        },
        {
            "x": 1254,
            "y": 1366,
            "hp": 147,
            "gold": 722,
            "exp": 26,
            "range": 7,
            "attack": 248
        },
        {
            "x": 76,
            "y": 319,
            "hp": 928,
            "gold": 4393,
            "exp": 467,
            "range": 8,
            "attack": 416
        },
        {
            "x": 80,
            "y": 350,
            "hp": 134,
            "gold": 230,
            "exp": 16,
            "range": 5,
            "attack": 114
        },
        {
            "x": 98,
            "y": 320,
            "hp": 215,
            "gold": 1239,
            "exp": 51,
            "range": 9,
            "attack": 349
        },
        {
            "x": 109,
            "y": 319,
            "hp": 207,
            "gold": 215,
            "exp": 83,
            "range": 7,
            "attack": 445
        },
        {
            "x": 107,
            "y": 337,
            "hp": 289,
            "gold": 286,
            "exp": 83,
            "range": 10,
            "attack": 20
        },
        {
            "x": 282,
            "y": 857,
            "hp": 789,
            "gold": 556,
            "exp": 172,
            "range": 6,
            "attack": 251
        },
        {
            "x": 289,
            "y": 844,
            "hp": 350,
            "gold": 1352,
            "exp": 218,
            "range": 8,
            "attack": 29
        },
        {
            "x": 287,
            "y": 854,
            "hp": 116,
            "gold": 233,
            "exp": 69,
            "range": 6,
            "attack": 481
        },
        {
            "x": 286,
            "y": 845,
            "hp": 330,
            "gold": 663,
            "exp": 41,
            "range": 8,
            "attack": 295
        },
        {
            "x": 291,
            "y": 853,
            "hp": 339,
            "gold": 751,
            "exp": 65,
            "range": 6,
            "attack": 56
        },
        {
            "x": 268,
            "y": 839,
            "hp": 374,
            "gold": 864,
            "exp": 114,
            "range": 9,
            "attack": 452
        },
        {
            "x": 260,
            "y": 826,
            "hp": 301,
            "gold": 254,
            "exp": 36,
            "range": 5,
            "attack": 168
        },
        {
            "x": 282,
            "y": 833,
            "hp": 122,
            "gold": 236,
            "exp": 21,
            "range": 6,
            "attack": 122
        },
        {
            "x": 598,
            "y": 1062,
            "hp": 736,
            "gold": 3282,
            "exp": 112,
            "range": 6,
            "attack": 90
        },
        {
            "x": 576,
            "y": 1045,
            "hp": 330,
            "gold": 517,
            "exp": 28,
            "range": 10,
            "attack": 171
        },
        {
            "x": 608,
            "y": 1039,
            "hp": 258,
            "gold": 981,
            "exp": 61,
            "range": 7,
            "attack": 240
        },
        {
            "x": 578,
            "y": 1045,
            "hp": 293,
            "gold": 1072,
            "exp": 112,
            "range": 5,
            "attack": 413
        },
        {
            "x": 602,
            "y": 1036,
            "hp": 429,
            "gold": 1486,
            "exp": 122,
            "range": 10,
            "attack": 471
        },
        {
            "x": 586,
            "y": 1061,
            "hp": 339,
            "gold": 613,
            "exp": 141,
            "range": 6,
            "attack": 409
        },
        {
            "x": 578,
            "y": 1064,
            "hp": 230,
            "gold": 1473,
            "exp": 139,
            "range": 10,
            "attack": 481
        },
        {
            "x": 606,
            "y": 1049,
            "hp": 357,
            "gold": 591,
            "exp": 85,
            "range": 5,
            "attack": 23
        },
        {
            "x": 362,
            "y": 1294,
            "hp": 596,
            "gold": 1699,
            "exp": 96,
            "range": 6,
            "attack": 61
        },
        {
            "x": 368,
            "y": 1282,
            "hp": 125,
            "gold": 526,
            "exp": 23,
            "range": 10,
            "attack": 267
        },
        {
            "x": 370,
            "y": 1288,
            "hp": 446,
            "gold": 547,
            "exp": 117,
            "range": 5,
            "attack": 69
        },
        {
            "x": 349,
            "y": 1308,
            "hp": 473,
            "gold": 841,
            "exp": 28,
            "range": 10,
            "attack": 399
        },
        {
            "x": 380,
            "y": 1282,
            "hp": 329,
            "gold": 385,
            "exp": 49,
            "range": 5,
            "attack": 449
        },
        {
            "x": 367,
            "y": 1304,
            "hp": 258,
            "gold": 391,
            "exp": 83,
            "range": 10,
            "attack": 484
        },
        {
            "x": 353,
            "y": 1290,
            "hp": 462,
            "gold": 421,
            "exp": 152,
            "range": 6,
            "attack": 436
        },
        {
            "x": 354,
            "y": 1296,
            "hp": 474,
            "gold": 473,
            "exp": 197,
            "range": 5,
            "attack": 464
        },
        {
            "x": 763,
            "y": 218,
            "hp": 642,
            "gold": 568,
            "exp": 69,
            "range": 9,
            "attack": 250
        },
        {
            "x": 775,
            "y": 222,
            "hp": 202,
            "gold": 260,
            "exp": 17,
            "range": 8,
            "attack": 192
        },
        {
            "x": 766,
            "y": 236,
            "hp": 439,
            "gold": 413,
            "exp": 51,
            "range": 5,
            "attack": 288
        },
        {
            "x": 768,
            "y": 207,
            "hp": 203,
            "gold": 189,
            "exp": 65,
            "range": 6,
            "attack": 249
        },
        {
            "x": 765,
            "y": 228,
            "hp": 290,
            "gold": 1266,
            "exp": 29,
            "range": 8,
            "attack": 195
        },
        {
            "x": 748,
            "y": 232,
            "hp": 499,
            "gold": 430,
            "exp": 51,
            "range": 9,
            "attack": 205
        },
        {
            "x": 772,
            "y": 222,
            "hp": 329,
            "gold": 1884,
            "exp": 116,
            "range": 10,
            "attack": 418
        },
        {
            "x": 737,
            "y": 219,
            "hp": 278,
            "gold": 1086,
            "exp": 87,
            "range": 8,
            "attack": 491
        },
        {
            "x": 1223,
            "y": 1199,
            "hp": 712,
            "gold": 670,
            "exp": 81,
            "range": 8,
            "attack": 452
        },
        {
            "x": 1214,
            "y": 1202,
            "hp": 188,
            "gold": 307,
            "exp": 26,
            "range": 5,
            "attack": 372
        },
        {
            "x": 1219,
            "y": 1215,
            "hp": 372,
            "gold": 263,
            "exp": 91,
            "range": 9,
            "attack": 352
        },
        {
            "x": 1224,
            "y": 1232,
            "hp": 194,
            "gold": 197,
            "exp": 39,
            "range": 9,
            "attack": 209
        },
        {
            "x": 1237,
            "y": 1232,
            "hp": 402,
            "gold": 391,
            "exp": 46,
            "range": 8,
            "attack": 155
        },
        {
            "x": 98,
            "y": 729,
            "hp": 880,
            "gold": 3470,
            "exp": 104,
            "range": 10,
            "attack": 144
        },
        {
            "x": 117,
            "y": 738,
            "hp": 222,
            "gold": 262,
            "exp": 25,
            "range": 6,
            "attack": 243
        },
        {
            "x": 110,
            "y": 738,
            "hp": 298,
            "gold": 601,
            "exp": 218,
            "range": 8,
            "attack": 67
        },
        {
            "x": 127,
            "y": 725,
            "hp": 433,
            "gold": 1500,
            "exp": 269,
            "range": 6,
            "attack": 330
        },
        {
            "x": 129,
            "y": 747,
            "hp": 258,
            "gold": 247,
            "exp": 45,
            "range": 8,
            "attack": 202
        },
        {
            "x": 421,
            "y": 1287,
            "hp": 898,
            "gold": 1765,
            "exp": 70,
            "range": 5,
            "attack": 309
        },
        {
            "x": 443,
            "y": 1302,
            "hp": 288,
            "gold": 492,
            "exp": 47,
            "range": 8,
            "attack": 486
        },
        {
            "x": 446,
            "y": 1276,
            "hp": 449,
            "gold": 1367,
            "exp": 62,
            "range": 9,
            "attack": 271
        },
        {
            "x": 453,
            "y": 1307,
            "hp": 357,
            "gold": 275,
            "exp": 58,
            "range": 6,
            "attack": 389
        },
        {
            "x": 429,
            "y": 1303,
            "hp": 121,
            "gold": 385,
            "exp": 85,
            "range": 6,
            "attack": 84
        },
        {
            "x": 448,
            "y": 1284,
            "hp": 363,
            "gold": 413,
            "exp": 44,
            "range": 6,
            "attack": 53
        },
        {
            "x": 430,
            "y": 1285,
            "hp": 170,
            "gold": 820,
            "exp": 55,
            "range": 8,
            "attack": 369
        },
        {
            "x": 1041,
            "y": 534,
            "hp": 690,
            "gold": 2178,
            "exp": 65,
            "range": 7,
            "attack": 202
        },
        {
            "x": 1048,
            "y": 534,
            "hp": 231,
            "gold": 1341,
            "exp": 35,
            "range": 6,
            "attack": 257
        },
        {
            "x": 1055,
            "y": 570,
            "hp": 492,
            "gold": 656,
            "exp": 75,
            "range": 8,
            "attack": 1
        },
        {
            "x": 1066,
            "y": 537,
            "hp": 221,
            "gold": 722,
            "exp": 135,
            "range": 5,
            "attack": 425
        },
        {
            "x": 1053,
            "y": 542,
            "hp": 300,
            "gold": 629,
            "exp": 70,
            "range": 6,
            "attack": 50
        },
        {
            "x": 1077,
            "y": 567,
            "hp": 212,
            "gold": 1390,
            "exp": 78,
            "range": 9,
            "attack": 334
        },
        {
            "x": 1078,
            "y": 545,
            "hp": 156,
            "gold": 182,
            "exp": 94,
            "range": 7,
            "attack": 149
        },
        {
            "x": 189,
            "y": 1200,
            "hp": 934,
            "gold": 1719,
            "exp": 361,
            "range": 5,
            "attack": 351
        },
        {
            "x": 214,
            "y": 1187,
            "hp": 313,
            "gold": 750,
            "exp": 161,
            "range": 9,
            "attack": 209
        },
        {
            "x": 220,
            "y": 1184,
            "hp": 200,
            "gold": 626,
            "exp": 33,
            "range": 6,
            "attack": 4
        },
        {
            "x": 219,
            "y": 1183,
            "hp": 421,
            "gold": 686,
            "exp": 70,
            "range": 9,
            "attack": 170
        },
        {
            "x": 181,
            "y": 1189,
            "hp": 412,
            "gold": 476,
            "exp": 102,
            "range": 6,
            "attack": 155
        },
        {
            "x": 210,
            "y": 1198,
            "hp": 100,
            "gold": 489,
            "exp": 38,
            "range": 5,
            "attack": 40
        },
        {
            "x": 218,
            "y": 1198,
            "hp": 330,
            "gold": 292,
            "exp": 48,
            "range": 6,
            "attack": 447
        },
        {
            "x": 214,
            "y": 1175,
            "hp": 392,
            "gold": 319,
            "exp": 45,
            "range": 9,
            "attack": 392
        },
        {
            "x": 1106,
            "y": 389,
            "hp": 711,
            "gold": 508,
            "exp": 73,
            "range": 7,
            "attack": 329
        },
        {
            "x": 1103,
            "y": 397,
            "hp": 271,
            "gold": 1819,
            "exp": 57,
            "range": 5,
            "attack": 390
        },
        {
            "x": 1100,
            "y": 403,
            "hp": 131,
            "gold": 298,
            "exp": 18,
            "range": 9,
            "attack": 218
        },
        {
            "x": 1104,
            "y": 393,
            "hp": 139,
            "gold": 494,
            "exp": 15,
            "range": 7,
            "attack": 240
        },
        {
            "x": 1131,
            "y": 396,
            "hp": 374,
            "gold": 2621,
            "exp": 182,
            "range": 10,
            "attack": 232
        },
        {
            "x": 1115,
            "y": 390,
            "hp": 398,
            "gold": 2132,
            "exp": 51,
            "range": 6,
            "attack": 175
        },
        {
            "x": 1107,
            "y": 381,
            "hp": 300,
            "gold": 2111,
            "exp": 47,
            "range": 10,
            "attack": 188
        }
    ]
}