{
    "hero": {
        "base_speed": 16,
        "base_power": 80,
        "base_range": 20,
        "level_speed_coeff": 10,
        "level_power_coeff": 35,
        "level_range_coeff": 25
    },
    "start_x": 50,
    "start_y": 1073,
    "width": 1123,
    "height": 1123,
    "num_turns": 500,
    "monsters": [
        {
            "x": 283,
            "y": 334,
            "hp": 636,
            "gold": 34,
            "exp": 153,
            "range": 15,
            "attack": 9
        },
        {
            "x": 291,
            "y": 314,
            "hp": 624,
            "gold": 34,
            "exp": 161,
            "range": 17,
            "attack": 9
        },
        {
            "x": 288,
            "y": 327,
            "hp": 581,
            "gold": 32,
            "exp": 160,
            "range": 19,
            "attack": 9
        },
        {
            "x": 329,
            "y": 136,
            "hp": 761,
            "gold": 27,
            "exp": 136,
            "range": 13,
            "attack": 11
        },
        {
            "x": 337,
            "y": 125,
            "hp": 696,
            "gold": 28,
            "exp": 124,
            "range": 18,
            "attack": 10
        },
        {
            "x": 325,
            "y": 146,
            "hp": 740,
            "gold": 26,
            "exp": 126,
            "range": 17,
            "attack": 11
        },
        {
            "x": 340,
            "y": 487,
            "hp": 634,
            "gold": 34,
            "exp": 164,
            "range": 8,
            "attack": 9
        },
        {
            "x": 362,
            "y": 507,
            "hp": 641,
            "gold": 34,
            "exp": 153,
            "range": 7,
            "attack": 10
        },
        {
            "x": 343,
            "y": 502,
            "hp": 647,
            "gold": 34,
            "exp": 160,
            "range": 14,
            "attack": 10
        },
        {
            "x": 375,
            "y": 276,
            "hp": 450,
            "gold": 18,
            "exp": 91,
            "range": 28,
            "attack": 7
        },
        {
            "x": 372,
            "y": 288,
            "hp": 479,
            "gold": 19,
            "exp": 90,
            "range": 21,
            "attack": 7
        },
        {
            "x": 357,
            "y": 280,
            "hp": 455,
            "gold": 19,
            "exp": 91,
            "range": 15,
            "attack": 7
        },
        {
            "x": 364,
            "y": 66,
            "hp": 467,
            "gold": 19,
            "exp": 86,
            "range": 5,
            "attack": 7
        },
        {
            "x": 353,
            "y": 81,
            "hp": 432,
            "gold": 20,
            "exp": 88,
            "range": 5,
            "attack": 6
        },
        {
            "x": 354,
            "y": 62,
            "hp": 432,
            "gold": 19,
            "exp": 87,
            "range": 19,
            "attack": 6
        },
        {
            "x": 420,
            "y": 359,
            "hp": 734,
            "gold": 27,
            "exp": 136,
            "range": 21,
            "attack": 11
        },
        {
            "x": 427,
            "y": 373,
            "hp": 706,
            "gold": 27,
            "exp": 124,
            "range": 14,
            "attack": 11
        },
        {
            "x": 425,
            "y": 353,
            "hp": 706,
            "gold": 26,
            "exp": 123,
            "range": 26,
            "attack": 11
        },
        {
            "x": 435,
            "y": 825,
            "hp": 715,
            "gold": 33,
            "exp": 157,
            "range": 19,
            "attack": 11
        },
        {
            "x": 433,
            "y": 807,
            "hp": 681,
            "gold": 34,
            "exp": 163,
            "range": 15,
            "attack": 10
        },
        {
            "x": 446,
            "y": 829,
            "hp": 708,
            "gold": 33,
            "exp": 152,
            "range": 28,
            "attack": 11
        },
        {
            "x": 463,
            "y": 1057,
            "hp": 674,
            "gold": 31,
            "exp": 155,
            "range": 6,
            "attack": 10
        },
        {
            "x": 463,
            "y": 1066,
            "hp": 668,
            "gold": 33,
            "exp": 163,
            "range": 30,
            "attack": 10
        },
        {
            "x": 445,
            "y": 1071,
            "hp": 636,
            "gold": 32,
            "exp": 149,
            "range": 11,
            "attack": 9
        },
        {
            "x": 484,
            "y": 82,
            "hp": 562,
            "gold": 32,
            "exp": 157,
            "range": 20,
            "attack": 8
        },
        {
            "x": 490,
            "y": 93,
            "hp": 591,
            "gold": 33,
            "exp": 157,
            "range": 12,
            "attack": 9
        },
        {
            "x": 491,
            "y": 86,
            "hp": 539,
            "gold": 34,
            "exp": 149,
            "range": 18,
            "attack": 8
        },
        {
            "x": 484,
            "y": 249,
            "hp": 563,
            "gold": 34,
            "exp": 149,
            "range": 28,
            "attack": 8
        },
        {
            "x": 507,
            "y": 219,
            "hp": 581,
            "gold": 32,
            "exp": 160,
            "range": 26,
            "attack": 9
        },
        {
            "x": 486,
            "y": 239,
            "hp": 569,
            "gold": 33,
            "exp": 150,
            "range": 28,
            "attack": 8
        },
        {
            "x": 562,
            "y": 1016,
            "hp": 636,
            "gold": 28,
            "exp": 126,
            "range": 21,
            "attack": 9
        },
        {
            "x": 568,
            "y": 1012,
            "hp": 649,
            "gold": 26,
            "exp": 130,
            "range": 5,
            "attack": 10
        },
        {
            "x": 555,
            "y": 990,
            "hp": 682,
            "gold": 28,
            "exp": 136,
            "range": 23,
            "attack": 10
        },
        {
            "x": 581,
            "y": 709,
            "hp": 614,
            "gold": 32,
            "exp": 150,
            "range": 26,
            "attack": 9
        },
        {
            "x": 558,
            "y": 698,
            "hp": 678,
            "gold": 35,
            "exp": 157,
            "range": 9,
            "attack": 10
        },
        {
            "x": 559,
            "y": 703,
            "hp": 646,
            "gold": 31,
            "exp": 163,
            "range": 10,
            "attack": 10
        },
        {
            "x": 591,
            "y": 412,
            "hp": 654,
            "gold": 32,
            "exp": 163,
            "range": 12,
            "attack": 10
        },
        {
            "x": 581,
            "y": 405,
            "hp": 660,
            "gold": 34,
            "exp": 157,
            "range": 6,
            "attack": 10
        },
        {
            "x": 576,
            "y": 393,
            "hp": 694,
            "gold": 32,
            "exp": 152,
            "range": 22,
            "attack": 10
        },
        {
            "x": 607,
            "y": 140,
            "hp": 571,
            "gold": 27,
            "exp": 135,
            "range": 27,
            "attack": 8
        },
        {
            "x": 583,
            "y": 132,
            "hp": 559,
            "gold": 25,
            "exp": 128,
            "range": 29,
            "attack": 8
        },
        {
            "x": 586,
            "y": 137,
            "hp": 588,
            "gold": 28,
            "exp": 123,
            "range": 14,
            "attack": 9
        },
        {
            "x": 602,
            "y": 794,
            "hp": 593,
            "gold": 26,
            "exp": 130,
            "range": 13,
            "attack": 9
        },
        {
            "x": 599,
            "y": 783,
            "hp": 624,
            "gold": 28,
            "exp": 124,
            "range": 10,
            "attack": 9
        },
        {
            "x": 588,
            "y": 791,
            "hp": 612,
            "gold": 28,
            "exp": 123,
            "range": 20,
            "attack": 9
        },
        {
            "x": 656,
            "y": 324,
            "hp": 643,
            "gold": 28,
            "exp": 126,
            "range": 19,
            "attack": 10
        },
        {
            "x": 642,
            "y": 303,
            "hp": 612,
            "gold": 26,
            "exp": 127,
            "range": 26,
            "attack": 9
        },
        {
            "x": 657,
            "y": 317,
            "hp": 599,
            "gold": 25,
            "exp": 123,
            "range": 21,
            "attack": 9
        },
        {
            "x": 669,
            "y": 1057,
            "hp": 642,
            "gold": 33,
            "exp": 149,
            "range": 13,
            "attack": 10
        },
        {
            "x": 674,
            "y": 1050,
            "hp": 628,
            "gold": 33,
            "exp": 157,
            "range": 15,
            "attack": 9
        },
        {
            "x": 690,
            "y": 1060,
            "hp": 688,
            "gold": 35,
            "exp": 157,
            "range": 14,
            "attack": 10
        },
        {
            "x": 711,
            "y": 86,
            "hp": 704,
            "gold": 32,
            "exp": 161,
            "range": 7,
            "attack": 11
        },
        {
            "x": 708,
            "y": 75,
            "hp": 725,
            "gold": 32,
            "exp": 158,
            "range": 7,
            "attack": 11
        },
        {
            "x": 728,
            "y": 86,
            "hp": 662,
            "gold": 32,
            "exp": 155,
            "range": 27,
            "attack": 10
        },
        {
            "x": 731,
            "y": 770,
            "hp": 718,
            "gold": 26,
            "exp": 127,
            "range": 6,
            "attack": 11
        },
        {
            "x": 734,
            "y": 760,
            "hp": 704,
            "gold": 26,
            "exp": 135,
            "range": 23,
            "attack": 11
        },
        {
            "x": 740,
            "y": 766,
            "hp": 725,
            "gold": 26,
            "exp": 136,
            "range": 5,
            "attack": 11
        },
        {
            "x": 783,
            "y": 645,
            "hp": 629,
            "gold": 31,
            "exp": 152,
            "range": 28,
            "attack": 9
        },
        {
            "x": 800,
            "y": 637,
            "hp": 593,
            "gold": 34,
            "exp": 150,
            "range": 14,
            "attack": 9
        },
        {
            "x": 776,
            "y": 646,
            "hp": 599,
            "gold": 32,
            "exp": 164,
            "range": 29,
            "attack": 9
        },
        {
            "x": 791,
            "y": 866,
            "hp": 463,
            "gold": 18,
            "exp": 90,
            "range": 28,
            "attack": 7
        },
        {
            "x": 797,
            "y": 867,
            "hp": 481,
            "gold": 18,
            "exp": 88,
            "range": 20,
            "attack": 7
        },
        {
            "x": 790,
            "y": 876,
            "hp": 472,
            "gold": 18,
            "exp": 92,
            "range": 26,
            "attack": 7
        },
        {
            "x": 824,
            "y": 1053,
            "hp": 429,
            "gold": 18,
            "exp": 92,
            "range": 17,
            "attack": 6
        },
        {
            "x": 837,
            "y": 1039,
            "hp": 425,
            "gold": 20,
            "exp": 90,
            "range": 27,
            "attack": 6
        },
        {
            "x": 816,
            "y": 1038,
            "hp": 396,
            "gold": 19,
            "exp": 85,
            "range": 9,
            "attack": 6
        },
        {
            "x": 869,
            "y": 998,
            "hp": 521,
            "gold": 28,
            "exp": 133,
            "range": 29,
            "attack": 8
        },
        {
            "x": 871,
            "y": 984,
            "hp": 516,
            "gold": 27,
            "exp": 135,
            "range": 6,
            "attack": 8
        },
        {
            "x": 867,
            "y": 994,
            "hp": 521,
            "gold": 28,
            "exp": 136,
            "range": 27,
            "attack": 8
        },
        {
            "x": 854,
            "y": 809,
            "hp": 601,
            "gold": 34,
            "exp": 150,
            "range": 30,
            "attack": 9
        },
        {
            "x": 871,
            "y": 793,
            "hp": 632,
            "gold": 32,
            "exp": 157,
            "range": 16,
            "attack": 9
        },
        {
            "x": 853,
            "y": 788,
            "hp": 594,
            "gold": 34,
            "exp": 160,
            "range": 25,
            "attack": 9
        },
        {
            "x": 71,
            "y": 528,
            "hp": 1248,
            "gold": 55,
            "exp": 304,
            "range": 8,
            "attack": 19
        },
        {
            "x": 73,
            "y": 507,
            "hp": 1286,
            "gold": 56,
            "exp": 307,
            "range": 7,
            "attack": 20
        },
        {
            "x": 98,
            "y": 510,
            "hp": 1286,
            "gold": 52,
            "exp": 307,
            "range": 9,
            "attack": 20
        },
        {
            "x": 266,
            "y": 567,
            "hp": 1170,
            "gold": 53,
            "exp": 317,
            "range": 16,
            "attack": 18
        },
        {
            "x": 284,
            "y": 567,
            "hp": 1170,
            "gold": 53,
            "exp": 314,
            "range": 22,
            "attack": 18
        },
        {
            "x": 288,
            "y": 580,
            "hp": 1280,
            "gold": 52,
            "exp": 307,
            "range": 25,
            "attack": 20
        },
        {
            "x": 817,
            "y": 570,
            "hp": 1350,
            "gold": 54,
            "exp": 326,
            "range": 24,
            "attack": 21
        },
        {
            "x": 827,
            "y": 557,
            "hp": 1285,
            "gold": 51,
            "exp": 301,
            "range": 12,
            "attack": 20
        },
        {
            "x": 820,
            "y": 560,
            "hp": 1233,
            "gold": 56,
            "exp": 307,
            "range": 26,
            "attack": 19
        },
        {
            "x": 1064,
            "y": 633,
            "hp": 1199,
            "gold": 55,
            "exp": 317,
            "range": 6,
            "attack": 18
        },
        {
            "x": 1045,
            "y": 650,
            "hp": 1096,
            "gold": 56,
            "exp": 323,
            "range": 22,
            "attack": 17
        },
        {
            "x": 1057,
            "y": 630,
            "hp": 1176,
            "gold": 56,
            "exp": 329,
            "range": 30,
            "attack": 18
        },
        {
            "x": 242,
            "y": 881,
            "hp": 550,
            "gold": 38,
            "exp": 228,
            "range": 10,
            "attack": 12
        },
        {
            "x": 238,
            "y": 888,
            "hp": 550,
            "gold": 35,
            "exp": 228,
            "range": 10,
            "attack": 10
        },
        {
            "x": 256,
            "y": 887,
            "hp": 550,
            "gold": 39,
            "exp": 228,
            "range": 10,
            "attack": 10
        },
        {
            "x": 258,
            "y": 884,
            "hp": 300,
            "gold": 45,
            "exp": 276,
            "range": 50,
            "attack": 15
        },
        {
            "x": 871,
            "y": 237,
            "hp": 550,
            "gold": 34,
            "exp": 228,
            "range": 10,
            "attack": 11
        },
        {
            "x": 862,
            "y": 236,
            "hp": 550,
            "gold": 38,
            "exp": 228,
            "range": 10,
            "attack": 12
        },
        {
            "x": 872,
            "y": 257,
            "hp": 550,
            "gold": 34,
            "exp": 228,
            "range": 10,
            "attack": 10
        },
        {
            "x": 882,
            "y": 253,
            "hp": 300,
            "gold": 48,
            "exp": 276,
            "range": 50,
            "attack": 8
        },
        {
            "x": 264,
            "y": 918,
            "hp": 550,
            "gold": 36,
            "exp": 228,
            "range": 10,
            "attack": 10
        },
        {
            "x": 276,
            "y": 932,
            "hp": 550,
            "gold": 39,
            "exp": 228,
            "range": 10,
            "attack": 12
        },
        {
            "x": 274,
            "y": 932,
            "hp": 550,
            "gold": 36,
            "exp": 228,
            "range": 10,
            "attack": 12
        },
        {
            "x": 281,
            "y": 929,
            "hp": 300,
            "gold": 52,
            "exp": 276,
            "range": 50,
            "attack": 8
        },
        {
            "x": 853,
            "y": 189,
            "hp": 550,
            "gold": 37,
            "exp": 228,
            "range": 10,
            "attack": 10
        },
        {
            "x": 850,
            "y": 177,
            "hp": 550,
            "gold": 34,
            "exp": 228,
            "range": 10,
            "attack": 11
        },
        {
            "x": 847,
            "y": 204,
            "hp": 550,
            "gold": 35,
            "exp": 228,
            "range": 10,
            "attack": 10
        },
        {
            "x": 843,
            "y": 198,
            "hp": 300,
            "gold": 48,
            "exp": 276,
            "range": 50,
            "attack": 10
        },
        {
            "x": 939,
            "y": 261,
            "hp": 550,
            "gold": 36,
            "exp": 228,
            "range": 10,
            "attack": 10
        },
        {
            "x": 946,
            "y": 263,
            "hp": 550,
            "gold": 38,
            "exp": 228,
            "range": 10,
            "attack": 10
        },
        {
            "x": 927,
            "y": 284,
            "hp": 550,
            "gold": 39,
            "exp": 228,
            "range": 10,
            "attack": 12
        },
        {
            "x": 931,
            "y": 269,
            "hp": 300,
            "gold": 50,
            "exp": 276,
            "range": 50,
            "attack": 14
        },
        {
            "x": 179,
            "y": 848,
            "hp": 550,
            "gold": 39,
            "exp": 228,
            "range": 10,
            "attack": 12
        },
        {
            "x": 189,
            "y": 855,
            "hp": 550,
            "gold": 34,
            "exp": 228,
            "range": 10,
            "attack": 11
        },
        {
            "x": 185,
            "y": 861,
            "hp": 550,
            "gold": 35,
            "exp": 228,
            "range": 10,
            "attack": 11
        },
        {
            "x": 188,
            "y": 850,
            "hp": 300,
            "gold": 48,
            "exp": 276,
            "range": 50,
            "attack": 8
        },
        {
            "x": 381,
            "y": 751,
            "hp": 550,
            "gold": 39,
            "exp": 228,
            "range": 10,
            "attack": 12
        },
        {
            "x": 375,
            "y": 750,
            "hp": 550,
            "gold": 39,
            "exp": 228,
            "range": 10,
            "attack": 10
        },
        {
            "x": 358,
            "y": 738,
            "hp": 550,
            "gold": 34,
            "exp": 228,
            "range": 10,
            "attack": 11
        },
        {
            "x": 379,
            "y": 760,
            "hp": 300,
            "gold": 51,
            "exp": 276,
            "range": 50,
            "attack": 12
        },
        {
            "x": 757,
            "y": 381,
            "hp": 550,
            "gold": 35,
            "exp": 228,
            "range": 10,
            "attack": 11
        },
        {
            "x": 762,
            "y": 386,
            "hp": 550,
            "gold": 38,
            "exp": 228,
            "range": 10,
            "attack": 10
        },
        {
            "x": 757,
            "y": 365,
            "hp": 550,
            "gold": 39,
            "exp": 228,
            "range": 10,
            "attack": 11
        },
        {
            "x": 747,
            "y": 369,
            "hp": 300,
            "gold": 45,
            "exp": 276,
            "range": 50,
            "attack": 9
        },
        {
            "x": 496,
            "y": 936,
            "hp": 550,
            "gold": 35,
            "exp": 228,
            "range": 10,
            "attack": 10
        },
        {
            "x": 510,
            "y": 943,
            "hp": 550,
            "gold": 37,
            "exp": 228,
            "range": 10,
            "attack": 10
        },
        {
            "x": 494,
            "y": 927,
            "hp": 550,
            "gold": 38,
            "exp": 228,
            "range": 10,
            "attack": 10
        },
        {
            "x": 485,
            "y": 918,
            "hp": 300,
            "gold": 45,
            "exp": 276,
            "range": 50,
            "attack": 8
        },
        {
            "x": 612,
            "y": 182,
            "hp": 550,
            "gold": 35,
            "exp": 228,
            "range": 10,
            "attack": 12
        },
        {
            "x": 621,
            "y": 187,
            "hp": 550,
            "gold": 38,
            "exp": 228,
            "range": 10,
            "attack": 10
        },
        {
            "x": 627,
            "y": 179,
            "hp": 550,
            "gold": 35,
            "exp": 228,
            "range": 10,
            "attack": 12
        },
        {
            "x": 613,
            "y": 188,
            "hp": 300,
            "gold": 45,
            "exp": 276,
            "range": 50,
            "attack": 13
        },
        {
            "x": 940,
            "y": 497,
            "hp": 550,
            "gold": 39,
            "exp": 228,
            "range": 10,
            "attack": 12
        },
        {
            "x": 926,
            "y": 508,
            "hp": 550,
            "gold": 34,
            "exp": 228,
            "range": 10,
            "attack": 11
        },
        {
            "x": 938,
            "y": 495,
            "hp": 550,
            "gold": 35,
            "exp": 228,
            "range": 10,
            "attack": 10
        },
        {
            "x": 920,
            "y": 500,
            "hp": 300,
            "gold": 49,
            "exp": 276,
            "range": 50,
            "attack": 10
        },
        {
            "x": 189,
            "y": 620,
            "hp": 550,
            "gold": 38,
            "exp": 228,
            "range": 10,
            "attack": 12
        },
        {
            "x": 192,
            "y": 639,
            "hp": 550,
            "gold": 39,
            "exp": 228,
            "range": 10,
            "attack": 12
        },
        {
            "x": 178,
            "y": 626,
            "hp": 550,
            "gold": 37,
            "exp": 228,
            "range": 10,
            "attack": 12
        },
        {
            "x": 189,
            "y": 621,
            "hp": 300,
            "gold": 49,
            "exp": 276,
            "range": 50,
            "attack": 8
        },
        {
            "x": 486,
            "y": 622,
            "hp": 550,
            "gold": 37,
            "exp": 228,
            "range": 10,
            "attack": 11
        },
        {
            "x": 508,
            "y": 635,
            "hp": 550,
            "gold": 38,
            "exp": 228,
            "range": 10,
            "attack": 11
        },
        {
            "x": 502,
            "y": 614,
            "hp": 550,
            "gold": 34,
            "exp": 228,
            "range": 10,
            "attack": 11
        },
        {
            "x": 480,
            "y": 625,
            "hp": 300,
            "gold": 43,
            "exp": 276,
            "range": 50,
            "attack": 11
        },
        {
            "x": 625,
            "y": 505,
            "hp": 550,
            "gold": 36,
            "exp": 228,
            "range": 10,
            "attack": 10
        },
        {
            "x": 638,
            "y": 506,
            "hp": 550,
            "gold": 37,
            "exp": 228,
            "range": 10,
            "attack": 12
        },
        {
            "x": 617,
            "y": 505,
            "hp": 550,
            "gold": 36,
            "exp": 228,
            "range": 10,
            "attack": 10
        },
        {
            "x": 615,
            "y": 486,
            "hp": 300,
            "gold": 47,
            "exp": 276,
            "range": 50,
            "attack": 11
        },
        {
            "x": 728,
            "y": 945,
            "hp": 550,
            "gold": 34,
            "exp": 228,
            "range": 10,
            "attack": 10
        },
        {
            "x": 705,
            "y": 948,
            "hp": 550,
            "gold": 35,
            "exp": 228,
            "range": 10,
            "attack": 12
        },
        {
            "x": 717,
            "y": 933,
            "hp": 550,
            "gold": 36,
            "exp": 228,
            "range": 10,
            "attack": 10
        },
        {
            "x": 725,
            "y": 944,
            "hp": 300,
            "gold": 45,
            "exp": 276,
            "range": 50,
            "attack": 15
        },
        {
            "x": 415,
            "y": 202,
            "hp": 550,
            "gold": 34,
            "exp": 228,
            "range": 10,
            "attack": 10
        },
        {
            "x": 394,
            "y": 184,
            "hp": 550,
            "gold": 36,
            "exp": 228,
            "range": 10,
            "attack": 10
        },
        {
            "x": 398,
            "y": 196,
            "hp": 550,
            "gold": 36,
            "exp": 228,
            "range": 10,
            "attack": 12
        },
        {
            "x": 413,
            "y": 198,
            "hp": 300,
            "gold": 48,
            "exp": 276,
            "range": 50,
            "attack": 14
        },
        {
            "x": 939,
            "y": 720,
            "hp": 550,
            "gold": 35,
            "exp": 228,
            "range": 10,
            "attack": 12
        },
        {
            "x": 925,
            "y": 715,
            "hp": 550,
            "gold": 36,
            "exp": 228,
            "range": 10,
            "attack": 12
        },
        {
            "x": 942,
            "y": 710,
            "hp": 550,
            "gold": 37,
            "exp": 228,
            "range": 10,
            "attack": 10
        },
        {
            "x": 942,
            "y": 721,
            "hp": 300,
            "gold": 49,
            "exp": 276,
            "range": 50,
            "attack": 8
        },
        {
            "x": 198,
            "y": 417,
            "hp": 550,
            "gold": 37,
            "exp": 228,
            "range": 10,
            "attack": 10
        },
        {
            "x": 192,
            "y": 414,
            "hp": 550,
            "gold": 36,
            "exp": 228,
            "range": 10,
            "attack": 12
        },
        {
            "x": 196,
            "y": 410,
            "hp": 550,
            "gold": 36,
            "exp": 228,
            "range": 10,
            "attack": 10
        },
        {
            "x": 187,
            "y": 396,
            "hp": 300,
            "gold": 47,
            "exp": 276,
            "range": 50,
            "attack": 13
        },
        {
            "x": 100,
            "y": 100,
            "hp": 10000,
            "gold": 917,
            "exp": 2000,
            "range": 42,
            "attack": 42
        }
    ]
}