{
    "hero": {
        "base_speed": 32,
        "base_power": 50,
        "base_range": 32,
        "level_speed_coeff": 20,
        "level_power_coeff": 40,
        "level_range_coeff": 25
    },
    "start_x": 50,
    "start_y": 1073,
    "width": 1123,
    "height": 1123,
    "num_turns": 500,
    "monsters": [
        {
            "x": 304,
            "y": 336,
            "hp": 602,
            "gold": 33,
            "exp": 155,
            "range": 24,
            "attack": 9
        },
        {
            "x": 303,
            "y": 312,
            "hp": 658,
            "gold": 33,
            "exp": 163,
            "range": 22,
            "attack": 10
        },
        {
            "x": 299,
            "y": 316,
            "hp": 639,
            "gold": 33,
            "exp": 149,
            "range": 16,
            "attack": 9
        },
        {
            "x": 337,
            "y": 140,
            "hp": 501,
            "gold": 28,
            "exp": 126,
            "range": 9,
            "attack": 7
        },
        {
            "x": 323,
            "y": 146,
            "hp": 511,
            "gold": 27,
            "exp": 126,
            "range": 27,
            "attack": 7
        },
        {
            "x": 334,
            "y": 139,
            "hp": 471,
            "gold": 27,
            "exp": 136,
            "range": 15,
            "attack": 7
        },
        {
            "x": 344,
            "y": 511,
            "hp": 615,
            "gold": 34,
            "exp": 153,
            "range": 24,
            "attack": 9
        },
        {
            "x": 350,
            "y": 489,
            "hp": 586,
            "gold": 33,
            "exp": 149,
            "range": 12,
            "attack": 9
        },
        {
            "x": 357,
            "y": 509,
            "hp": 568,
            "gold": 32,
            "exp": 163,
            "range": 18,
            "attack": 8
        },
        {
            "x": 369,
            "y": 281,
            "hp": 462,
            "gold": 20,
            "exp": 90,
            "range": 13,
            "attack": 7
        },
        {
            "x": 355,
            "y": 291,
            "hp": 481,
            "gold": 18,
            "exp": 90,
            "range": 27,
            "attack": 7
        },
        {
            "x": 356,
            "y": 283,
            "hp": 457,
            "gold": 20,
            "exp": 92,
            "range": 16,
            "attack": 7
        },
        {
            "x": 357,
            "y": 71,
            "hp": 501,
            "gold": 19,
            "exp": 88,
            "range": 30,
            "attack": 7
        },
        {
            "x": 353,
            "y": 64,
            "hp": 477,
            "gold": 20,
            "exp": 90,
            "range": 22,
            "attack": 7
        },
        {
            "x": 356,
            "y": 65,
            "hp": 487,
            "gold": 19,
            "exp": 90,
            "range": 5,
            "attack": 7
        },
        {
            "x": 425,
            "y": 363,
            "hp": 613,
            "gold": 27,
            "exp": 131,
            "range": 29,
            "attack": 9
        },
        {
            "x": 423,
            "y": 362,
            "hp": 619,
            "gold": 27,
            "exp": 131,
            "range": 15,
            "attack": 9
        },
        {
            "x": 433,
            "y": 363,
            "hp": 607,
            "gold": 25,
            "exp": 130,
            "range": 30,
            "attack": 9
        },
        {
            "x": 442,
            "y": 831,
            "hp": 688,
            "gold": 32,
            "exp": 150,
            "range": 25,
            "attack": 10
        },
        {
            "x": 459,
            "y": 831,
            "hp": 668,
            "gold": 31,
            "exp": 160,
            "range": 7,
            "attack": 10
        },
        {
            "x": 435,
            "y": 828,
            "hp": 709,
            "gold": 33,
            "exp": 150,
            "range": 17,
            "attack": 11
        },
        {
            "x": 437,
            "y": 1056,
            "hp": 605,
            "gold": 32,
            "exp": 163,
            "range": 16,
            "attack": 9
        },
        {
            "x": 439,
            "y": 1052,
            "hp": 605,
            "gold": 35,
            "exp": 163,
            "range": 11,
            "attack": 9
        },
        {
            "x": 454,
            "y": 1071,
            "hp": 599,
            "gold": 35,
            "exp": 150,
            "range": 17,
            "attack": 9
        },
        {
            "x": 480,
            "y": 102,
            "hp": 639,
            "gold": 34,
            "exp": 163,
            "range": 29,
            "attack": 9
        },
        {
            "x": 476,
            "y": 78,
            "hp": 614,
            "gold": 34,
            "exp": 150,
            "range": 6,
            "attack": 9
        },
        {
            "x": 484,
            "y": 79,
            "hp": 633,
            "gold": 33,
            "exp": 161,
            "range": 20,
            "attack": 9
        },
        {
            "x": 486,
            "y": 230,
            "hp": 553,
            "gold": 31,
            "exp": 158,
            "range": 26,
            "attack": 8
        },
        {
            "x": 506,
            "y": 228,
            "hp": 599,
            "gold": 33,
            "exp": 160,
            "range": 17,
            "attack": 9
        },
        {
            "x": 500,
            "y": 246,
            "hp": 565,
            "gold": 34,
            "exp": 157,
            "range": 12,
            "attack": 8
        },
        {
            "x": 570,
            "y": 1001,
            "hp": 568,
            "gold": 25,
            "exp": 136,
            "range": 11,
            "attack": 8
        },
        {
            "x": 547,
            "y": 1016,
            "hp": 562,
            "gold": 27,
            "exp": 127,
            "range": 8,
            "attack": 8
        },
        {
            "x": 574,
            "y": 1016,
            "hp": 568,
            "gold": 26,
            "exp": 132,
            "range": 24,
            "attack": 8
        },
        {
            "x": 567,
            "y": 701,
            "hp": 608,
            "gold": 34,
            "exp": 153,
            "range": 9,
            "attack": 9
        },
        {
            "x": 574,
            "y": 714,
            "hp": 627,
            "gold": 32,
            "exp": 150,
            "range": 5,
            "attack": 9
        },
        {
            "x": 564,
            "y": 704,
            "hp": 614,
            "gold": 34,
            "exp": 163,
            "range": 28,
            "attack": 9
        },
        {
            "x": 588,
            "y": 413,
            "hp": 539,
            "gold": 34,
            "exp": 164,
            "range": 10,
            "attack": 8
        },
        {
            "x": 599,
            "y": 412,
            "hp": 551,
            "gold": 33,
            "exp": 149,
            "range": 20,
            "attack": 8
        },
        {
            "x": 571,
            "y": 405,
            "hp": 545,
            "gold": 33,
            "exp": 152,
            "range": 21,
            "attack": 8
        },
        {
            "x": 602,
            "y": 125,
            "hp": 691,
            "gold": 28,
            "exp": 130,
            "range": 16,
            "attack": 10
        },
        {
            "x": 604,
            "y": 128,
            "hp": 727,
            "gold": 28,
            "exp": 123,
            "range": 13,
            "attack": 11
        },
        {
            "x": 584,
            "y": 122,
            "hp": 727,
            "gold": 27,
            "exp": 128,
            "range": 13,
            "attack": 11
        },
        {
            "x": 586,
            "y": 780,
            "hp": 511,
            "gold": 26,
            "exp": 131,
            "range": 14,
            "attack": 7
        },
        {
            "x": 595,
            "y": 792,
            "hp": 501,
            "gold": 25,
            "exp": 135,
            "range": 15,
            "attack": 7
        },
        {
            "x": 597,
            "y": 779,
            "hp": 482,
            "gold": 28,
            "exp": 124,
            "range": 14,
            "attack": 7
        },
        {
            "x": 654,
            "y": 326,
            "hp": 700,
            "gold": 28,
            "exp": 126,
            "range": 13,
            "attack": 10
        },
        {
            "x": 641,
            "y": 311,
            "hp": 722,
            "gold": 27,
            "exp": 133,
            "range": 24,
            "attack": 11
        },
        {
            "x": 638,
            "y": 302,
            "hp": 766,
            "gold": 26,
            "exp": 135,
            "range": 16,
            "attack": 11
        },
        {
            "x": 665,
            "y": 1074,
            "hp": 599,
            "gold": 32,
            "exp": 153,
            "range": 12,
            "attack": 9
        },
        {
            "x": 670,
            "y": 1050,
            "hp": 577,
            "gold": 32,
            "exp": 150,
            "range": 25,
            "attack": 9
        },
        {
            "x": 680,
            "y": 1057,
            "hp": 548,
            "gold": 31,
            "exp": 157,
            "range": 11,
            "attack": 8
        },
        {
            "x": 729,
            "y": 69,
            "hp": 540,
            "gold": 32,
            "exp": 158,
            "range": 19,
            "attack": 8
        },
        {
            "x": 714,
            "y": 85,
            "hp": 546,
            "gold": 34,
            "exp": 161,
            "range": 8,
            "attack": 8
        },
        {
            "x": 730,
            "y": 89,
            "hp": 568,
            "gold": 34,
            "exp": 161,
            "range": 30,
            "attack": 8
        },
        {
            "x": 738,
            "y": 759,
            "hp": 664,
            "gold": 26,
            "exp": 127,
            "range": 6,
            "attack": 10
        },
        {
            "x": 755,
            "y": 764,
            "hp": 677,
            "gold": 26,
            "exp": 127,
            "range": 27,
            "attack": 10
        },
        {
            "x": 745,
            "y": 760,
            "hp": 697,
            "gold": 27,
            "exp": 130,
            "range": 28,
            "attack": 10
        },
        {
            "x": 802,
            "y": 635,
            "hp": 639,
            "gold": 32,
            "exp": 150,
            "range": 27,
            "attack": 9
        },
        {
            "x": 796,
            "y": 634,
            "hp": 665,
            "gold": 32,
            "exp": 161,
            "range": 13,
            "attack": 10
        },
        {
            "x": 802,
            "y": 643,
            "hp": 672,
            "gold": 33,
            "exp": 149,
            "range": 8,
            "attack": 10
        },
        {
            "x": 786,
            "y": 868,
            "hp": 414,
            "gold": 19,
            "exp": 91,
            "range": 30,
            "attack": 6
        },
        {
            "x": 786,
            "y": 862,
            "hp": 453,
            "gold": 19,
            "exp": 87,
            "range": 15,
            "attack": 7
        },
        {
            "x": 802,
            "y": 881,
            "hp": 427,
            "gold": 20,
            "exp": 91,
            "range": 9,
            "attack": 6
        },
        {
            "x": 827,
            "y": 1045,
            "hp": 417,
            "gold": 20,
            "exp": 89,
            "range": 7,
            "attack": 6
        },
        {
            "x": 817,
            "y": 1053,
            "hp": 389,
            "gold": 18,
            "exp": 86,
            "range": 17,
            "attack": 6
        },
        {
            "x": 818,
            "y": 1042,
            "hp": 389,
            "gold": 19,
            "exp": 92,
            "range": 30,
            "attack": 6
        },
        {
            "x": 863,
            "y": 991,
            "hp": 650,
            "gold": 28,
            "exp": 132,
            "range": 10,
            "attack": 10
        },
        {
            "x": 858,
            "y": 996,
            "hp": 631,
            "gold": 26,
            "exp": 127,
            "range": 11,
            "attack": 9
        },
        {
            "x": 858,
            "y": 990,
            "hp": 619,
            "gold": 28,
            "exp": 128,
            "range": 11,
            "attack": 9
        },
        {
            "x": 850,
            "y": 796,
            "hp": 627,
            "gold": 34,
            "exp": 163,
            "range": 6,
            "attack": 9
        },
        {
            "x": 851,
            "y": 810,
            "hp": 646,
            "gold": 33,
            "exp": 153,
            "range": 29,
            "attack": 10
        },
        {
            "x": 870,
            "y": 811,
            "hp": 603,
            "gold": 34,
            "exp": 161,
            "range": 28,
            "attack": 9
        },
        {
            "x": 70,
            "y": 532,
            "hp": 1148,
            "gold": 55,
            "exp": 307,
            "range": 23,
            "attack": 17
        },
        {
            "x": 79,
            "y": 512,
            "hp": 1182,
            "gold": 52,
            "exp": 310,
            "range": 27,
            "attack": 18
        },
        {
            "x": 84,
            "y": 521,
            "hp": 1115,
            "gold": 51,
            "exp": 320,
            "range": 8,
            "attack": 17
        },
        {
            "x": 291,
            "y": 589,
            "hp": 1183,
            "gold": 54,
            "exp": 323,
            "range": 6,
            "attack": 18
        },
        {
            "x": 264,
            "y": 572,
            "hp": 1218,
            "gold": 53,
            "exp": 314,
            "range": 28,
            "attack": 19
        },
        {
            "x": 285,
            "y": 578,
            "hp": 1160,
            "gold": 56,
            "exp": 323,
            "range": 20,
            "attack": 18
        },
        {
            "x": 837,
            "y": 566,
            "hp": 1111,
            "gold": 53,
            "exp": 298,
            "range": 16,
            "attack": 17
        },
        {
            "x": 833,
            "y": 565,
            "hp": 1145,
            "gold": 51,
            "exp": 301,
            "range": 6,
            "attack": 17
        },
        {
            "x": 809,
            "y": 550,
            "hp": 1078,
            "gold": 51,
            "exp": 307,
            "range": 9,
            "attack": 16
        },
        {
            "x": 1040,
            "y": 649,
            "hp": 1246,
            "gold": 55,
            "exp": 301,
            "range": 22,
            "attack": 19
        },
        {
            "x": 1058,
            "y": 633,
            "hp": 1222,
            "gold": 56,
            "exp": 317,
            "range": 11,
            "attack": 19
        },
        {
            "x": 1061,
            "y": 652,
            "hp": 1234,
            "gold": 55,
            "exp": 320,
            "range": 13,
            "attack": 19
        },
        {
            "x": 262,
            "y": 887,
            "hp": 550,
            "gold": 36,
            "exp": 228,
            "range": 10,
            "attack": 12
        },
        {
            "x": 265,
            "y": 887,
            "hp": 550,
            "gold": 39,
            "exp": 228,
            "range": 10,
            "attack": 11
        },
        {
            "x": 242,
            "y": 862,
            "hp": 550,
            "gold": 37,
            "exp": 228,
            "range": 10,
            "attack": 11
        },
        {
            "x": 239,
            "y": 870,
            "hp": 300,
            "gold": 43,
            "exp": 276,
            "range": 50,
            "attack": 9
        },
        {
            "x": 884,
            "y": 257,
            "hp": 550,
            "gold": 39,
            "exp": 228,
            "range": 10,
            "attack": 10
        },
        {
            "x": 860,
            "y": 239,
            "hp": 550,
            "gold": 34,
            "exp": 228,
            "range": 10,
            "attack": 10
        },
        {
            "x": 879,
            "y": 246,
            "hp": 550,
            "gold": 36,
            "exp": 228,
            "range": 10,
            "attack": 11
        },
        {
            "x": 882,
            "y": 238,
            "hp": 300,
            "gold": 51,
            "exp": 276,
            "range": 50,
            "attack": 10
        },
        {
            "x": 290,
            "y": 919,
            "hp": 550,
            "gold": 35,
            "exp": 228,
            "range": 10,
            "attack": 10
        },
        {
            "x": 271,
            "y": 944,
            "hp": 550,
            "gold": 39,
            "exp": 228,
            "range": 10,
            "attack": 11
        },
        {
            "x": 281,
            "y": 935,
            "hp": 550,
            "gold": 34,
            "exp": 228,
            "range": 10,
            "attack": 11
        },
        {
            "x": 289,
            "y": 946,
            "hp": 300,
            "gold": 45,
            "exp": 276,
            "range": 50,
            "attack": 12
        },
        {
            "x": 844,
            "y": 194,
            "hp": 550,
            "gold": 35,
            "exp": 228,
            "range": 10,
            "attack": 10
        },
        {
            "x": 836,
            "y": 204,
            "hp": 550,
            "gold": 35,
            "exp": 228,
            "range": 10,
            "attack": 12
        },
        {
            "x": 851,
            "y": 176,
            "hp": 550,
            "gold": 37,
            "exp": 228,
            "range": 10,
            "attack": 12
        },
        {
            "x": 844,
            "y": 187,
            "hp": 300,
            "gold": 48,
            "exp": 276,
            "range": 50,
            "attack": 11
        },
        {
            "x": 923,
            "y": 275,
            "hp": 550,
            "gold": 34,
            "exp": 228,
            "range": 10,
            "attack": 11
        },
        {
            "x": 922,
            "y": 282,
            "hp": 550,
            "gold": 38,
            "exp": 228,
            "range": 10,
            "attack": 11
        },
        {
            "x": 923,
            "y": 261,
            "hp": 550,
            "gold": 39,
            "exp": 228,
            "range": 10,
            "attack": 12
        },
        {
            "x": 932,
            "y": 277,
            "hp": 300,
            "gold": 52,
            "exp": 276,
            "range": 50,
            "attack": 12
        },
        {
            "x": 197,
            "y": 846,
            "hp": 550,
            "gold": 39,
            "exp": 228,
            "range": 10,
            "attack": 12
        },
        {
            "x": 181,
            "y": 862,
            "hp": 550,
            "gold": 38,
            "exp": 228,
            "range": 10,
            "attack": 10
        },
        {
            "x": 192,
            "y": 842,
            "hp": 550,
            "gold": 34,
            "exp": 228,
            "range": 10,
            "attack": 10
        },
        {
            "x": 179,
            "y": 862,
            "hp": 300,
            "gold": 49,
            "exp": 276,
            "range": 50,
            "attack": 14
        },
        {
            "x": 369,
            "y": 754,
            "hp": 550,
            "gold": 35,
            "exp": 228,
            "range": 10,
            "attack": 11
        },
        {
            "x": 364,
            "y": 743,
            "hp": 550,
            "gold": 39,
            "exp": 228,
            "range": 10,
            "attack": 11
        },
        {
            "x": 364,
            "y": 739,
            "hp": 550,
            "gold": 37,
            "exp": 228,
            "range": 10,
            "attack": 12
        },
        {
            "x": 385,
            "y": 748,
            "hp": 300,
            "gold": 51,
            "exp": 276,
            "range": 50,
            "attack": 8
        },
        {
            "x": 755,
            "y": 385,
            "hp": 550,
            "gold": 39,
            "exp": 228,
            "range": 10,
            "attack": 10
        },
        {
            "x": 744,
            "y": 357,
            "hp": 550,
            "gold": 36,
            "exp": 228,
            "range": 10,
            "attack": 10
        },
        {
            "x": 765,
            "y": 364,
            "hp": 550,
            "gold": 37,
            "exp": 228,
            "range": 10,
            "attack": 11
        },
        {
            "x": 750,
            "y": 375,
            "hp": 300,
            "gold": 51,
            "exp": 276,
            "range": 50,
            "attack": 14
        },
        {
            "x": 493,
            "y": 918,
            "hp": 550,
            "gold": 36,
            "exp": 228,
            "range": 10,
            "attack": 12
        },
        {
            "x": 501,
            "y": 925,
            "hp": 550,
            "gold": 37,
            "exp": 228,
            "range": 10,
            "attack": 11
        },
        {
            "x": 492,
            "y": 948,
            "hp": 550,
            "gold": 39,
            "exp": 228,
            "range": 10,
            "attack": 12
        },
        {
            "x": 494,
            "y": 918,
            "hp": 300,
            "gold": 51,
            "exp": 276,
            "range": 50,
            "attack": 9
        },
        {
            "x": 633,
            "y": 198,
            "hp": 550,
            "gold": 35,
            "exp": 228,
            "range": 10,
            "attack": 11
        },
        {
            "x": 627,
            "y": 192,
            "hp": 550,
            "gold": 36,
            "exp": 228,
            "range": 10,
            "attack": 10
        },
        {
            "x": 636,
            "y": 185,
            "hp": 550,
            "gold": 38,
            "exp": 228,
            "range": 10,
            "attack": 10
        },
        {
            "x": 638,
            "y": 178,
            "hp": 300,
            "gold": 52,
            "exp": 276,
            "range": 50,
            "attack": 12
        },
        {
            "x": 929,
            "y": 511,
            "hp": 550,
            "gold": 38,
            "exp": 228,
            "range": 10,
            "attack": 10
        },
        {
            "x": 933,
            "y": 483,
            "hp": 550,
            "gold": 39,
            "exp": 228,
            "range": 10,
            "attack": 11
        },
        {
            "x": 929,
            "y": 510,
            "hp": 550,
            "gold": 34,
            "exp": 228,
            "range": 10,
            "attack": 10
        },
        {
            "x": 928,
            "y": 493,
            "hp": 300,
            "gold": 49,
            "exp": 276,
            "range": 50,
            "attack": 12
        },
        {
            "x": 202,
            "y": 613,
            "hp": 550,
            "gold": 39,
            "exp": 228,
            "range": 10,
            "attack": 11
        },
        {
            "x": 184,
            "y": 636,
            "hp": 550,
            "gold": 35,
            "exp": 228,
            "range": 10,
            "attack": 11
        },
        {
            "x": 198,
            "y": 619,
            "hp": 550,
            "gold": 38,
            "exp": 228,
            "range": 10,
            "attack": 12
        },
        {
            "x": 183,
            "y": 611,
            "hp": 300,
            "gold": 49,
            "exp": 276,
            "range": 50,
            "attack": 14
        },
        {
            "x": 490,
            "y": 638,
            "hp": 550,
            "gold": 37,
            "exp": 228,
            "range": 10,
            "attack": 10
        },
        {
            "x": 502,
            "y": 615,
            "hp": 550,
            "gold": 38,
            "exp": 228,
            "range": 10,
            "attack": 11
        },
        {
            "x": 484,
            "y": 635,
            "hp": 550,
            "gold": 35,
            "exp": 228,
            "range": 10,
            "attack": 10
        },
        {
            "x": 491,
            "y": 618,
            "hp": 300,
            "gold": 52,
            "exp": 276,
            "range": 50,
            "attack": 10
        },
        {
            "x": 644,
            "y": 488,
            "hp": 550,
            "gold": 38,
            "exp": 228,
            "range": 10,
            "attack": 11
        },
        {
            "x": 637,
            "y": 502,
            "hp": 550,
            "gold": 35,
            "exp": 228,
            "range": 10,
            "attack": 11
        },
        {
            "x": 632,
            "y": 491,
            "hp": 550,
            "gold": 35,
            "exp": 228,
            "range": 10,
            "attack": 12
        },
        {
            "x": 638,
            "y": 497,
            "hp": 300,
            "gold": 50,
            "exp": 276,
            "range": 50,
            "attack": 13
        },
        {
            "x": 713,
            "y": 919,
            "hp": 550,
            "gold": 38,
            "exp": 228,
            "range": 10,
            "attack": 10
        },
        {
            "x": 729,
            "y": 946,
            "hp": 550,
            "gold": 34,
            "exp": 228,
            "range": 10,
            "attack": 11
        },
        {
            "x": 710,
            "y": 924,
            "hp": 550,
            "gold": 37,
            "exp": 228,
            "range": 10,
            "attack": 11
        },
        {
            "x": 712,
            "y": 925,
            "hp": 300,
            "gold": 47,
            "exp": 276,
            "range": 50,
            "attack": 15
        },
        {
            "x": 417,
            "y": 195,
            "hp": 550,
            "gold": 34,
            "exp": 228,
            "range": 10,
            "attack": 11
        },
        {
            "x": 408,
            "y": 189,
            "hp": 550,
            "gold": 34,
            "exp": 228,
            "range": 10,
            "attack": 10
        },
        {
            "x": 390,
            "y": 198,
            "hp": 550,
            "gold": 39,
            "exp": 228,
            "range": 10,
            "attack": 12
        },
        {
            "x": 416,
            "y": 193,
            "hp": 300,
            "gold": 52,
            "exp": 276,
            "range": 50,
            "attack": 9
        },
        {
            "x": 938,
            "y": 710,
            "hp": 550,
            "gold": 36,
            "exp": 228,
            "range": 10,
            "attack": 11
        },
        {
            "x": 918,
            "y": 734,
            "hp": 550,
            "gold": 39,
            "exp": 228,
            "range": 10,
            "attack": 11
        },
        {
            "x": 945,
            "y": 711,
            "hp": 550,
            "gold": 35,
            "exp": 228,
            "range": 10,
            "attack": 12
        },
        {
            "x": 919,
            "y": 722,
            "hp": 300,
            "gold": 47,
            "exp": 276,
            "range": 50,
            "attack": 13
        },
        {
            "x": 178,
            "y": 402,
            "hp": 550,
            "gold": 39,
            "exp": 228,
            "range": 10,
            "attack": 10
        },
        {
            "x": 194,
            "y": 398,
            "hp": 550,
            "gold": 36,
            "exp": 228,
            "range": 10,
            "attack": 10
        },
        {
            "x": 189,
            "y": 405,
            "hp": 550,
            "gold": 38,
            "exp": 228,
            "range": 10,
            "attack": 12
        },
        {
            "x": 183,
            "y": 404,
            "hp": 300,
            "gold": 50,
            "exp": 276,
            "range": 50,
            "attack": 11
        },
        {
            "x": 1024,
            "y": 1024,
            "hp": 10000,
            "gold": 886,
            "exp": 2000,
            "range": 42,
            "attack": 42
        }
    ]
}