{
    "hero": {
        "base_speed": 3200,
        "base_power": 150,
        "base_range": 32,
        "level_speed_coeff": 1,
        "level_power_coeff": 8,
        "level_range_coeff": 3
    },
    "start_x": 605,
    "start_y": 405,
    "width": 1000,
    "height": 1000,
    "num_turns": 249,
    "monsters": [
        {
            "x": 130,
            "y": 445,
            "hp": 110,
            "gold": 124,
            "exp": 167,
            "range": 24,
            "attack": 38
        },
        {
            "x": 123,
            "y": 465,
            "hp": 110,
            "gold": 124,
            "exp": 148,
            "range": 22,
            "attack": 72
        },
        {
            "x": 103,
            "y": 474,
            "hp": 128,
            "gold": 117,
            "exp": 178,
            "range": 22,
            "attack": 10
        },
        {
            "x": 84,
            "y": 469,
            "hp": 116,
            "gold": 119,
            "exp": 197,
            "range": 28,
            "attack": 60
        },
        {
            "x": 72,
            "y": 453,
            "hp": 125,
            "gold": 123,
            "exp": 191,
            "range": 24,
            "attack": 18
        },
        {
            "x": 73,
            "y": 433,
            "hp": 135,
            "gold": 121,
            "exp": 165,
            "range": 24,
            "attack": 12
        },
        {
            "x": 86,
            "y": 418,
            "hp": 141,
            "gold": 117,
            "exp": 133,
            "range": 21,
            "attack": 58
        },
        {
            "x": 107,
            "y": 415,
            "hp": 139,
            "gold": 122,
            "exp": 167,
            "range": 30,
            "attack": 19
        },
        {
            "x": 124,
            "y": 426,
            "hp": 138,
            "gold": 122,
            "exp": 174,
            "range": 31,
            "attack": 41
        },
        {
            "x": 598,
            "y": 32,
            "hp": 153,
            "gold": 120,
            "exp": 169,
            "range": 21,
            "attack": 41
        },
        {
            "x": 575,
            "y": 60,
            "hp": 120,
            "gold": 129,
            "exp": 122,
            "range": 26,
            "attack": 78
        },
        {
            "x": 543,
            "y": 46,
            "hp": 117,
            "gold": 127,
            "exp": 120,
            "range": 27,
            "attack": 71
        },
        {
            "x": 545,
            "y": 12,
            "hp": 165,
            "gold": 127,
            "exp": 147,
            "range": 31,
            "attack": 76
        },
        {
            "x": 580,
            "y": 3,
            "hp": 106,
            "gold": 121,
            "exp": 181,
            "range": 27,
            "attack": 20
        },
        {
            "x": 739,
            "y": 107,
            "hp": 104,
            "gold": 123,
            "exp": 122,
            "range": 28,
            "attack": 15
        },
        {
            "x": 732,
            "y": 126,
            "hp": 102,
            "gold": 121,
            "exp": 161,
            "range": 27,
            "attack": 29
        },
        {
            "x": 716,
            "y": 136,
            "hp": 133,
            "gold": 119,
            "exp": 141,
            "range": 23,
            "attack": 26
        },
        {
            "x": 697,
            "y": 134,
            "hp": 133,
            "gold": 116,
            "exp": 191,
            "range": 27,
            "attack": 50
        },
        {
            "x": 682,
            "y": 122,
            "hp": 126,
            "gold": 123,
            "exp": 126,
            "range": 25,
            "attack": 54
        },
        {
            "x": 678,
            "y": 104,
            "hp": 125,
            "gold": 121,
            "exp": 145,
            "range": 22,
            "attack": 55
        },
        {
            "x": 683,
            "y": 87,
            "hp": 124,
            "gold": 121,
            "exp": 131,
            "range": 24,
            "attack": 72
        },
        {
            "x": 699,
            "y": 76,
            "hp": 119,
            "gold": 123,
            "exp": 156,
            "range": 25,
            "attack": 5
        },
        {
            "x": 719,
            "y": 76,
            "hp": 118,
            "gold": 118,
            "exp": 113,
            "range": 32,
            "attack": 3
        },
        {
            "x": 734,
            "y": 89,
            "hp": 121,
            "gold": 119,
            "exp": 112,
            "range": 30,
            "attack": 14
        },
        {
            "x": 707,
            "y": 45,
            "hp": 101,
            "gold": 123,
            "exp": 137,
            "range": 26,
            "attack": 30
        },
        {
            "x": 699,
            "y": 66,
            "hp": 119,
            "gold": 122,
            "exp": 142,
            "range": 31,
            "attack": 54
        },
        {
            "x": 681,
            "y": 76,
            "hp": 138,
            "gold": 118,
            "exp": 199,
            "range": 26,
            "attack": 25
        },
        {
            "x": 658,
            "y": 71,
            "hp": 133,
            "gold": 117,
            "exp": 120,
            "range": 25,
            "attack": 20
        },
        {
            "x": 645,
            "y": 54,
            "hp": 123,
            "gold": 121,
            "exp": 153,
            "range": 31,
            "attack": 46
        },
        {
            "x": 646,
            "y": 32,
            "hp": 115,
            "gold": 121,
            "exp": 191,
            "range": 31,
            "attack": 53
        },
        {
            "x": 660,
            "y": 17,
            "hp": 133,
            "gold": 121,
            "exp": 157,
            "range": 23,
            "attack": 42
        },
        {
            "x": 683,
            "y": 13,
            "hp": 134,
            "gold": 117,
            "exp": 168,
            "range": 24,
            "attack": 21
        },
        {
            "x": 701,
            "y": 25,
            "hp": 127,
            "gold": 122,
            "exp": 129,
            "range": 22,
            "attack": 44
        },
        {
            "x": 429,
            "y": 767,
            "hp": 185,
            "gold": 128,
            "exp": 195,
            "range": 29,
            "attack": 54
        },
        {
            "x": 394,
            "y": 797,
            "hp": 129,
            "gold": 122,
            "exp": 133,
            "range": 35,
            "attack": 56
        },
        {
            "x": 364,
            "y": 763,
            "hp": 153,
            "gold": 129,
            "exp": 115,
            "range": 24,
            "attack": 17
        },
        {
            "x": 399,
            "y": 732,
            "hp": 107,
            "gold": 128,
            "exp": 103,
            "range": 31,
            "attack": 73
        },
        {
            "x": 320,
            "y": 305,
            "hp": 135,
            "gold": 124,
            "exp": 197,
            "range": 29,
            "attack": 59
        },
        {
            "x": 310,
            "y": 328,
            "hp": 114,
            "gold": 121,
            "exp": 105,
            "range": 25,
            "attack": 20
        },
        {
            "x": 287,
            "y": 336,
            "hp": 123,
            "gold": 119,
            "exp": 152,
            "range": 32,
            "attack": 32
        },
        {
            "x": 264,
            "y": 327,
            "hp": 136,
            "gold": 121,
            "exp": 154,
            "range": 33,
            "attack": 78
        },
        {
            "x": 255,
            "y": 301,
            "hp": 105,
            "gold": 119,
            "exp": 118,
            "range": 25,
            "attack": 1
        },
        {
            "x": 266,
            "y": 279,
            "hp": 126,
            "gold": 124,
            "exp": 146,
            "range": 31,
            "attack": 68
        },
        {
            "x": 290,
            "y": 271,
            "hp": 130,
            "gold": 121,
            "exp": 145,
            "range": 35,
            "attack": 17
        },
        {
            "x": 311,
            "y": 280,
            "hp": 108,
            "gold": 123,
            "exp": 118,
            "range": 26,
            "attack": 72
        },
        {
            "x": 451,
            "y": 601,
            "hp": 139,
            "gold": 124,
            "exp": 145,
            "range": 34,
            "attack": 10
        },
        {
            "x": 416,
            "y": 631,
            "hp": 144,
            "gold": 129,
            "exp": 138,
            "range": 30,
            "attack": 65
        },
        {
            "x": 386,
            "y": 598,
            "hp": 175,
            "gold": 130,
            "exp": 163,
            "range": 32,
            "attack": 46
        },
        {
            "x": 419,
            "y": 566,
            "hp": 192,
            "gold": 131,
            "exp": 131,
            "range": 24,
            "attack": 23
        },
        {
            "x": 537,
            "y": 770,
            "hp": 116,
            "gold": 119,
            "exp": 174,
            "range": 26,
            "attack": 77
        },
        {
            "x": 523,
            "y": 795,
            "hp": 125,
            "gold": 124,
            "exp": 108,
            "range": 34,
            "attack": 23
        },
        {
            "x": 494,
            "y": 800,
            "hp": 128,
            "gold": 124,
            "exp": 161,
            "range": 33,
            "attack": 48
        },
        {
            "x": 472,
            "y": 780,
            "hp": 124,
            "gold": 119,
            "exp": 167,
            "range": 32,
            "attack": 35
        },
        {
            "x": 474,
            "y": 751,
            "hp": 142,
            "gold": 124,
            "exp": 196,
            "range": 29,
            "attack": 60
        },
        {
            "x": 497,
            "y": 734,
            "hp": 153,
            "gold": 123,
            "exp": 113,
            "range": 26,
            "attack": 5
        },
        {
            "x": 525,
            "y": 741,
            "hp": 116,
            "gold": 118,
            "exp": 184,
            "range": 30,
            "attack": 80
        },
        {
            "x": 657,
            "y": 909,
            "hp": 123,
            "gold": 120,
            "exp": 172,
            "range": 34,
            "attack": 5
        },
        {
            "x": 650,
            "y": 929,
            "hp": 110,
            "gold": 116,
            "exp": 112,
            "range": 34,
            "attack": 25
        },
        {
            "x": 634,
            "y": 940,
            "hp": 122,
            "gold": 120,
            "exp": 141,
            "range": 32,
            "attack": 59
        },
        {
            "x": 613,
            "y": 940,
            "hp": 130,
            "gold": 117,
            "exp": 196,
            "range": 36,
            "attack": 77
        },
        {
            "x": 595,
            "y": 926,
            "hp": 100,
            "gold": 120,
            "exp": 134,
            "range": 27,
            "attack": 15
        },
        {
            "x": 590,
            "y": 907,
            "hp": 111,
            "gold": 122,
            "exp": 190,
            "range": 26,
            "attack": 80
        },
        {
            "x": 597,
            "y": 886,
            "hp": 123,
            "gold": 122,
            "exp": 161,
            "range": 34,
            "attack": 79
        },
        {
            "x": 614,
            "y": 875,
            "hp": 139,
            "gold": 119,
            "exp": 166,
            "range": 33,
            "attack": 29
        },
        {
            "x": 634,
            "y": 875,
            "hp": 108,
            "gold": 120,
            "exp": 154,
            "range": 31,
            "attack": 75
        },
        {
            "x": 652,
            "y": 889,
            "hp": 100,
            "gold": 120,
            "exp": 160,
            "range": 36,
            "attack": 8
        },
        {
            "x": 786,
            "y": 55,
            "hp": 156,
            "gold": 120,
            "exp": 104,
            "range": 33,
            "attack": 55
        },
        {
            "x": 771,
            "y": 81,
            "hp": 134,
            "gold": 121,
            "exp": 149,
            "range": 37,
            "attack": 45
        },
        {
            "x": 741,
            "y": 86,
            "hp": 111,
            "gold": 124,
            "exp": 120,
            "range": 37,
            "attack": 37
        },
        {
            "x": 719,
            "y": 65,
            "hp": 118,
            "gold": 125,
            "exp": 116,
            "range": 31,
            "attack": 39
        },
        {
            "x": 721,
            "y": 36,
            "hp": 123,
            "gold": 123,
            "exp": 103,
            "range": 26,
            "attack": 21
        },
        {
            "x": 746,
            "y": 18,
            "hp": 109,
            "gold": 122,
            "exp": 144,
            "range": 32,
            "attack": 54
        },
        {
            "x": 774,
            "y": 26,
            "hp": 108,
            "gold": 126,
            "exp": 142,
            "range": 34,
            "attack": 26
        },
        {
            "x": 601,
            "y": 354,
            "hp": 104,
            "gold": 121,
            "exp": 108,
            "range": 27,
            "attack": 52
        },
        {
            "x": 583,
            "y": 382,
            "hp": 108,
            "gold": 126,
            "exp": 124,
            "range": 30,
            "attack": 39
        },
        {
            "x": 546,
            "y": 379,
            "hp": 109,
            "gold": 126,
            "exp": 176,
            "range": 35,
            "attack": 38
        },
        {
            "x": 532,
            "y": 347,
            "hp": 106,
            "gold": 123,
            "exp": 104,
            "range": 32,
            "attack": 6
        },
        {
            "x": 550,
            "y": 320,
            "hp": 140,
            "gold": 128,
            "exp": 195,
            "range": 35,
            "attack": 65
        },
        {
            "x": 585,
            "y": 321,
            "hp": 140,
            "gold": 125,
            "exp": 111,
            "range": 31,
            "attack": 32
        },
        {
            "x": 260,
            "y": 331,
            "hp": 145,
            "gold": 127,
            "exp": 114,
            "range": 29,
            "attack": 27
        },
        {
            "x": 224,
            "y": 365,
            "hp": 183,
            "gold": 127,
            "exp": 147,
            "range": 32,
            "attack": 56
        },
        {
            "x": 191,
            "y": 327,
            "hp": 180,
            "gold": 124,
            "exp": 129,
            "range": 34,
            "attack": 42
        },
        {
            "x": 229,
            "y": 296,
            "hp": 178,
            "gold": 132,
            "exp": 180,
            "range": 25,
            "attack": 58
        },
        {
            "x": 890,
            "y": 745,
            "hp": 113,
            "gold": 131,
            "exp": 143,
            "range": 30,
            "attack": 46
        },
        {
            "x": 855,
            "y": 777,
            "hp": 135,
            "gold": 123,
            "exp": 133,
            "range": 33,
            "attack": 70
        },
        {
            "x": 821,
            "y": 742,
            "hp": 105,
            "gold": 121,
            "exp": 104,
            "range": 33,
            "attack": 32
        },
        {
            "x": 858,
            "y": 708,
            "hp": 153,
            "gold": 130,
            "exp": 130,
            "range": 37,
            "attack": 36
        },
        {
            "x": 764,
            "y": 466,
            "hp": 105,
            "gold": 122,
            "exp": 116,
            "range": 27,
            "attack": 48
        },
        {
            "x": 757,
            "y": 484,
            "hp": 123,
            "gold": 123,
            "exp": 141,
            "range": 31,
            "attack": 6
        },
        {
            "x": 737,
            "y": 497,
            "hp": 131,
            "gold": 121,
            "exp": 141,
            "range": 26,
            "attack": 62
        },
        {
            "x": 714,
            "y": 496,
            "hp": 116,
            "gold": 117,
            "exp": 165,
            "range": 36,
            "attack": 51
        },
        {
            "x": 699,
            "y": 482,
            "hp": 126,
            "gold": 122,
            "exp": 179,
            "range": 32,
            "attack": 3
        },
        {
            "x": 693,
            "y": 459,
            "hp": 107,
            "gold": 123,
            "exp": 169,
            "range": 30,
            "attack": 55
        },
        {
            "x": 701,
            "y": 439,
            "hp": 105,
            "gold": 119,
            "exp": 194,
            "range": 31,
            "attack": 6
        },
        {
            "x": 720,
            "y": 428,
            "hp": 116,
            "gold": 120,
            "exp": 119,
            "range": 28,
            "attack": 8
        },
        {
            "x": 742,
            "y": 429,
            "hp": 101,
            "gold": 116,
            "exp": 109,
            "range": 30,
            "attack": 53
        },
        {
            "x": 759,
            "y": 444,
            "hp": 139,
            "gold": 118,
            "exp": 190,
            "range": 38,
            "attack": 67
        },
        {
            "x": 213,
            "y": 110,
            "hp": 115,
            "gold": 123,
            "exp": 141,
            "range": 32,
            "attack": 35
        },
        {
            "x": 205,
            "y": 133,
            "hp": 138,
            "gold": 121,
            "exp": 147,
            "range": 29,
            "attack": 64
        },
        {
            "x": 188,
            "y": 144,
            "hp": 110,
            "gold": 123,
            "exp": 167,
            "range": 30,
            "attack": 58
        },
        {
            "x": 165,
            "y": 143,
            "hp": 117,
            "gold": 122,
            "exp": 137,
            "range": 30,
            "attack": 64
        },
        {
            "x": 148,
            "y": 129,
            "hp": 131,
            "gold": 119,
            "exp": 176,
            "range": 28,
            "attack": 7
        },
        {
            "x": 142,
            "y": 108,
            "hp": 124,
            "gold": 123,
            "exp": 176,
            "range": 26,
            "attack": 1
        },
        {
            "x": 149,
            "y": 88,
            "hp": 138,
            "gold": 122,
            "exp": 189,
            "range": 27,
            "attack": 62
        },
        {
            "x": 169,
            "y": 75,
            "hp": 103,
            "gold": 117,
            "exp": 137,
            "range": 27,
            "attack": 51
        },
        {
            "x": 191,
            "y": 76,
            "hp": 113,
            "gold": 122,
            "exp": 128,
            "range": 37,
            "attack": 44
        },
        {
            "x": 207,
            "y": 89,
            "hp": 127,
            "gold": 122,
            "exp": 140,
            "range": 27,
            "attack": 64
        },
        {
            "x": 987,
            "y": 775,
            "hp": 136,
            "gold": 125,
            "exp": 103,
            "range": 29,
            "attack": 79
        },
        {
            "x": 976,
            "y": 801,
            "hp": 116,
            "gold": 120,
            "exp": 119,
            "range": 28,
            "attack": 46
        },
        {
            "x": 951,
            "y": 810,
            "hp": 108,
            "gold": 122,
            "exp": 180,
            "range": 28,
            "attack": 73
        },
        {
            "x": 925,
            "y": 799,
            "hp": 142,
            "gold": 121,
            "exp": 141,
            "range": 36,
            "attack": 55
        },
        {
            "x": 916,
            "y": 772,
            "hp": 130,
            "gold": 118,
            "exp": 177,
            "range": 38,
            "attack": 56
        },
        {
            "x": 928,
            "y": 747,
            "hp": 125,
            "gold": 124,
            "exp": 198,
            "range": 32,
            "attack": 27
        },
        {
            "x": 952,
            "y": 739,
            "hp": 111,
            "gold": 120,
            "exp": 137,
            "range": 32,
            "attack": 79
        },
        {
            "x": 978,
            "y": 751,
            "hp": 112,
            "gold": 125,
            "exp": 161,
            "range": 26,
            "attack": 25
        },
        {
            "x": 848,
            "y": 786,
            "hp": 174,
            "gold": 122,
            "exp": 170,
            "range": 34,
            "attack": 11
        },
        {
            "x": 808,
            "y": 822,
            "hp": 146,
            "gold": 125,
            "exp": 170,
            "range": 39,
            "attack": 77
        },
        {
            "x": 775,
            "y": 783,
            "hp": 178,
            "gold": 126,
            "exp": 125,
            "range": 34,
            "attack": 32
        },
        {
            "x": 814,
            "y": 749,
            "hp": 120,
            "gold": 127,
            "exp": 120,
            "range": 33,
            "attack": 55
        },
        {
            "x": 111,
            "y": 537,
            "hp": 120,
            "gold": 119,
            "exp": 154,
            "range": 28,
            "attack": 42
        },
        {
            "x": 92,
            "y": 568,
            "hp": 156,
            "gold": 123,
            "exp": 114,
            "range": 38,
            "attack": 9
        },
        {
            "x": 53,
            "y": 566,
            "hp": 163,
            "gold": 127,
            "exp": 142,
            "range": 31,
            "attack": 37
        },
        {
            "x": 38,
            "y": 535,
            "hp": 148,
            "gold": 127,
            "exp": 186,
            "range": 27,
            "attack": 64
        },
        {
            "x": 58,
            "y": 502,
            "hp": 112,
            "gold": 127,
            "exp": 114,
            "range": 32,
            "attack": 66
        },
        {
            "x": 94,
            "y": 504,
            "hp": 150,
            "gold": 126,
            "exp": 183,
            "range": 28,
            "attack": 26
        },
        {
            "x": 437,
            "y": 932,
            "hp": 118,
            "gold": 122,
            "exp": 178,
            "range": 27,
            "attack": 73
        },
        {
            "x": 411,
            "y": 967,
            "hp": 138,
            "gold": 120,
            "exp": 194,
            "range": 29,
            "attack": 18
        },
        {
            "x": 370,
            "y": 953,
            "hp": 125,
            "gold": 127,
            "exp": 116,
            "range": 36,
            "attack": 80
        },
        {
            "x": 373,
            "y": 907,
            "hp": 157,
            "gold": 120,
            "exp": 122,
            "range": 35,
            "attack": 27
        },
        {
            "x": 415,
            "y": 898,
            "hp": 164,
            "gold": 127,
            "exp": 115,
            "range": 39,
            "attack": 6
        },
        {
            "x": 150,
            "y": 53,
            "hp": 194,
            "gold": 130,
            "exp": 137,
            "range": 38,
            "attack": 62
        },
        {
            "x": 113,
            "y": 89,
            "hp": 137,
            "gold": 125,
            "exp": 152,
            "range": 38,
            "attack": 65
        },
        {
            "x": 77,
            "y": 52,
            "hp": 168,
            "gold": 122,
            "exp": 199,
            "range": 38,
            "attack": 46
        },
        {
            "x": 117,
            "y": 16,
            "hp": 124,
            "gold": 122,
            "exp": 183,
            "range": 27,
            "attack": 6
        },
        {
            "x": 1000,
            "y": 544,
            "hp": 111,
            "gold": 124,
            "exp": 189,
            "range": 30,
            "attack": 55
        },
        {
            "x": 1000,
            "y": 571,
            "hp": 151,
            "gold": 126,
            "exp": 178,
            "range": 38,
            "attack": 33
        },
        {
            "x": 970,
            "y": 577,
            "hp": 134,
            "gold": 119,
            "exp": 103,
            "range": 28,
            "attack": 16
        },
        {
            "x": 946,
            "y": 556,
            "hp": 103,
            "gold": 122,
            "exp": 196,
            "range": 39,
            "attack": 30
        },
        {
            "x": 947,
            "y": 525,
            "hp": 135,
            "gold": 119,
            "exp": 140,
            "range": 27,
            "attack": 29
        },
        {
            "x": 974,
            "y": 505,
            "hp": 116,
            "gold": 123,
            "exp": 148,
            "range": 34,
            "attack": 23
        },
        {
            "x": 1000,
            "y": 513,
            "hp": 141,
            "gold": 120,
            "exp": 160,
            "range": 29,
            "attack": 33
        },
        {
            "x": 518,
            "y": 380,
            "hp": 173,
            "gold": 128,
            "exp": 170,
            "range": 28,
            "attack": 60
        },
        {
            "x": 492,
            "y": 414,
            "hp": 130,
            "gold": 120,
            "exp": 115,
            "range": 40,
            "attack": 75
        },
        {
            "x": 448,
            "y": 398,
            "hp": 150,
            "gold": 120,
            "exp": 157,
            "range": 32,
            "attack": 73
        },
        {
            "x": 452,
            "y": 353,
            "hp": 107,
            "gold": 128,
            "exp": 115,
            "range": 31,
            "attack": 18
        },
        {
            "x": 494,
            "y": 342,
            "hp": 100,
            "gold": 122,
            "exp": 162,
            "range": 39,
            "attack": 62
        },
        {
            "x": 422,
            "y": 254,
            "hp": 145,
            "gold": 126,
            "exp": 168,
            "range": 32,
            "attack": 15
        },
        {
            "x": 401,
            "y": 285,
            "hp": 158,
            "gold": 119,
            "exp": 157,
            "range": 37,
            "attack": 15
        },
        {
            "x": 365,
            "y": 283,
            "hp": 140,
            "gold": 120,
            "exp": 157,
            "range": 39,
            "attack": 76
        },
        {
            "x": 347,
            "y": 248,
            "hp": 160,
            "gold": 123,
            "exp": 121,
            "range": 29,
            "attack": 75
        },
        {
            "x": 368,
            "y": 216,
            "hp": 111,
            "gold": 123,
            "exp": 160,
            "range": 29,
            "attack": 77
        },
        {
            "x": 405,
            "y": 218,
            "hp": 139,
            "gold": 126,
            "exp": 177,
            "range": 30,
            "attack": 9
        },
        {
            "x": 553,
            "y": 898,
            "hp": 120,
            "gold": 117,
            "exp": 148,
            "range": 29,
            "attack": 54
        },
        {
            "x": 546,
            "y": 919,
            "hp": 122,
            "gold": 118,
            "exp": 130,
            "range": 40,
            "attack": 41
        },
        {
            "x": 525,
            "y": 932,
            "hp": 101,
            "gold": 122,
            "exp": 185,
            "range": 40,
            "attack": 1
        },
        {
            "x": 502,
            "y": 931,
            "hp": 136,
            "gold": 123,
            "exp": 180,
            "range": 28,
            "attack": 59
        },
        {
            "x": 483,
            "y": 916,
            "hp": 112,
            "gold": 121,
            "exp": 166,
            "range": 35,
            "attack": 62
        },
        {
            "x": 478,
            "y": 894,
            "hp": 116,
            "gold": 117,
            "exp": 138,
            "range": 40,
            "attack": 24
        },
        {
            "x": 486,
            "y": 872,
            "hp": 113,
            "gold": 116,
            "exp": 189,
            "range": 36,
            "attack": 58
        },
        {
            "x": 505,
            "y": 859,
            "hp": 126,
            "gold": 118,
            "exp": 136,
            "range": 28,
            "attack": 23
        },
        {
            "x": 529,
            "y": 860,
            "hp": 104,
            "gold": 116,
            "exp": 134,
            "range": 34,
            "attack": 80
        },
        {
            "x": 547,
            "y": 874,
            "hp": 127,
            "gold": 123,
            "exp": 189,
            "range": 30,
            "attack": 76
        },
        {
            "x": 850,
            "y": 237,
            "hp": 145,
            "gold": 126,
            "exp": 169,
            "range": 30,
            "attack": 1
        },
        {
            "x": 834,
            "y": 267,
            "hp": 126,
            "gold": 123,
            "exp": 117,
            "range": 39,
            "attack": 40
        },
        {
            "x": 801,
            "y": 272,
            "hp": 138,
            "gold": 120,
            "exp": 189,
            "range": 33,
            "attack": 3
        },
        {
            "x": 778,
            "y": 251,
            "hp": 114,
            "gold": 121,
            "exp": 166,
            "range": 31,
            "attack": 59
        },
        {
            "x": 779,
            "y": 218,
            "hp": 145,
            "gold": 120,
            "exp": 192,
            "range": 39,
            "attack": 37
        },
        {
            "x": 808,
            "y": 198,
            "hp": 104,
            "gold": 122,
            "exp": 167,
            "range": 40,
            "attack": 72
        },
        {
            "x": 839,
            "y": 208,
            "hp": 139,
            "gold": 122,
            "exp": 131,
            "range": 31,
            "attack": 35
        },
        {
            "x": 827,
            "y": 746,
            "hp": 137,
            "gold": 120,
            "exp": 124,
            "range": 35,
            "attack": 39
        },
        {
            "x": 814,
            "y": 775,
            "hp": 103,
            "gold": 122,
            "exp": 127,
            "range": 28,
            "attack": 31
        },
        {
            "x": 788,
            "y": 783,
            "hp": 121,
            "gold": 118,
            "exp": 137,
            "range": 33,
            "attack": 58
        },
        {
            "x": 760,
            "y": 770,
            "hp": 133,
            "gold": 117,
            "exp": 198,
            "range": 30,
            "attack": 66
        },
        {
            "x": 752,
            "y": 742,
            "hp": 120,
            "gold": 122,
            "exp": 160,
            "range": 32,
            "attack": 33
        },
        {
            "x": 765,
            "y": 717,
            "hp": 112,
            "gold": 124,
            "exp": 142,
            "range": 32,
            "attack": 34
        },
        {
            "x": 792,
            "y": 708,
            "hp": 126,
            "gold": 123,
            "exp": 107,
            "range": 30,
            "attack": 73
        },
        {
            "x": 818,
            "y": 721,
            "hp": 135,
            "gold": 119,
            "exp": 139,
            "range": 28,
            "attack": 38
        },
        {
            "x": 320,
            "y": 509,
            "hp": 162,
            "gold": 121,
            "exp": 121,
            "range": 36,
            "attack": 11
        },
        {
            "x": 300,
            "y": 543,
            "hp": 113,
            "gold": 121,
            "exp": 108,
            "range": 35,
            "attack": 69
        },
        {
            "x": 260,
            "y": 541,
            "hp": 145,
            "gold": 125,
            "exp": 116,
            "range": 30,
            "attack": 28
        },
        {
            "x": 243,
            "y": 507,
            "hp": 127,
            "gold": 126,
            "exp": 168,
            "range": 30,
            "attack": 78
        },
        {
            "x": 263,
            "y": 474,
            "hp": 143,
            "gold": 127,
            "exp": 139,
            "range": 38,
            "attack": 58
        },
        {
            "x": 302,
            "y": 475,
            "hp": 142,
            "gold": 126,
            "exp": 136,
            "range": 38,
            "attack": 21
        },
        {
            "x": 337,
            "y": 437,
            "hp": 166,
            "gold": 126,
            "exp": 131,
            "range": 40,
            "attack": 70
        },
        {
            "x": 309,
            "y": 473,
            "hp": 149,
            "gold": 124,
            "exp": 107,
            "range": 38,
            "attack": 25
        },
        {
            "x": 267,
            "y": 458,
            "hp": 152,
            "gold": 120,
            "exp": 156,
            "range": 30,
            "attack": 33
        },
        {
            "x": 267,
            "y": 412,
            "hp": 161,
            "gold": 121,
            "exp": 145,
            "range": 32,
            "attack": 24
        },
        {
            "x": 311,
            "y": 399,
            "hp": 102,
            "gold": 126,
            "exp": 142,
            "range": 38,
            "attack": 62
        },
        {
            "x": 369,
            "y": 969,
            "hp": 146,
            "gold": 128,
            "exp": 187,
            "range": 29,
            "attack": 1
        },
        {
            "x": 348,
            "y": 1000,
            "hp": 106,
            "gold": 120,
            "exp": 172,
            "range": 30,
            "attack": 60
        },
        {
            "x": 309,
            "y": 1000,
            "hp": 125,
            "gold": 123,
            "exp": 153,
            "range": 36,
            "attack": 45
        },
        {
            "x": 292,
            "y": 966,
            "hp": 133,
            "gold": 126,
            "exp": 148,
            "range": 37,
            "attack": 37
        },
        {
            "x": 311,
            "y": 935,
            "hp": 111,
            "gold": 122,
            "exp": 132,
            "range": 38,
            "attack": 54
        },
        {
            "x": 353,
            "y": 937,
            "hp": 163,
            "gold": 120,
            "exp": 145,
            "range": 39,
            "attack": 14
        },
        {
            "x": 321,
            "y": 214,
            "hp": 144,
            "gold": 118,
            "exp": 149,
            "range": 34,
            "attack": 66
        },
        {
            "x": 311,
            "y": 239,
            "hp": 133,
            "gold": 118,
            "exp": 101,
            "range": 35,
            "attack": 79
        },
        {
            "x": 288,
            "y": 250,
            "hp": 114,
            "gold": 122,
            "exp": 132,
            "range": 37,
            "attack": 20
        },
        {
            "x": 260,
            "y": 244,
            "hp": 118,
            "gold": 121,
            "exp": 171,
            "range": 38,
            "attack": 46
        },
        {
            "x": 245,
            "y": 221,
            "hp": 109,
            "gold": 118,
            "exp": 197,
            "range": 34,
            "attack": 61
        },
        {
            "x": 246,
            "y": 198,
            "hp": 100,
            "gold": 124,
            "exp": 165,
            "range": 39,
            "attack": 17
        },
        {
            "x": 264,
            "y": 177,
            "hp": 127,
            "gold": 123,
            "exp": 127,
            "range": 30,
            "attack": 44
        },
        {
            "x": 292,
            "y": 174,
            "hp": 131,
            "gold": 121,
            "exp": 166,
            "range": 32,
            "attack": 56
        },
        {
            "x": 314,
            "y": 189,
            "hp": 135,
            "gold": 123,
            "exp": 123,
            "range": 32,
            "attack": 14
        },
        {
            "x": 647,
            "y": 674,
            "hp": 138,
            "gold": 120,
            "exp": 143,
            "range": 41,
            "attack": 15
        },
        {
            "x": 639,
            "y": 697,
            "hp": 115,
            "gold": 121,
            "exp": 179,
            "range": 40,
            "attack": 66
        },
        {
            "x": 620,
            "y": 710,
            "hp": 110,
            "gold": 120,
            "exp": 179,
            "range": 30,
            "attack": 22
        },
        {
            "x": 595,
            "y": 709,
            "hp": 126,
            "gold": 116,
            "exp": 163,
            "range": 31,
            "attack": 46
        },
        {
            "x": 576,
            "y": 693,
            "hp": 133,
            "gold": 121,
            "exp": 182,
            "range": 35,
            "attack": 67
        },
        {
            "x": 570,
            "y": 672,
            "hp": 130,
            "gold": 118,
            "exp": 135,
            "range": 37,
            "attack": 25
        },
        {
            "x": 579,
            "y": 647,
            "hp": 109,
            "gold": 117,
            "exp": 148,
            "range": 35,
            "attack": 46
        },
        {
            "x": 597,
            "y": 635,
            "hp": 127,
            "gold": 119,
            "exp": 190,
            "range": 33,
            "attack": 70
        },
        {
            "x": 621,
            "y": 636,
            "hp": 138,
            "gold": 117,
            "exp": 123,
            "range": 37,
            "attack": 25
        },
        {
            "x": 640,
            "y": 650,
            "hp": 103,
            "gold": 116,
            "exp": 141,
            "range": 40,
            "attack": 47
        },
        {
            "x": 199,
            "y": 228,
            "hp": 130,
            "gold": 122,
            "exp": 119,
            "range": 35,
            "attack": 7
        },
        {
            "x": 186,
            "y": 255,
            "hp": 118,
            "gold": 120,
            "exp": 110,
            "range": 39,
            "attack": 80
        },
        {
            "x": 157,
            "y": 264,
            "hp": 149,
            "gold": 121,
            "exp": 170,
            "range": 29,
            "attack": 74
        },
        {
            "x": 131,
            "y": 251,
            "hp": 127,
            "gold": 122,
            "exp": 112,
            "range": 34,
            "attack": 40
        },
        {
            "x": 122,
            "y": 222,
            "hp": 124,
            "gold": 120,
            "exp": 116,
            "range": 32,
            "attack": 10
        },
        {
            "x": 135,
            "y": 196,
            "hp": 121,
            "gold": 118,
            "exp": 128,
            "range": 31,
            "attack": 41
        },
        {
            "x": 162,
            "y": 187,
            "hp": 138,
            "gold": 123,
            "exp": 150,
            "range": 34,
            "attack": 64
        },
        {
            "x": 189,
            "y": 199,
            "hp": 143,
            "gold": 117,
            "exp": 137,
            "range": 32,
            "attack": 27
        },
        {
            "x": 794,
            "y": 528,
            "hp": 111,
            "gold": 122,
            "exp": 116,
            "range": 40,
            "attack": 3
        },
        {
            "x": 766,
            "y": 564,
            "hp": 130,
            "gold": 128,
            "exp": 156,
            "range": 33,
            "attack": 36
        },
        {
            "x": 721,
            "y": 548,
            "hp": 145,
            "gold": 123,
            "exp": 191,
            "range": 39,
            "attack": 39
        },
        {
            "x": 722,
            "y": 502,
            "hp": 134,
            "gold": 128,
            "exp": 173,
            "range": 31,
            "attack": 52
        },
        {
            "x": 770,
            "y": 489,
            "hp": 170,
            "gold": 129,
            "exp": 156,
            "range": 41,
            "attack": 57
        },
        {
            "x": 859,
            "y": 913,
            "hp": 127,
            "gold": 124,
            "exp": 111,
            "range": 35,
            "attack": 3
        },
        {
            "x": 830,
            "y": 951,
            "hp": 143,
            "gold": 121,
            "exp": 165,
            "range": 33,
            "attack": 8
        },
        {
            "x": 787,
            "y": 936,
            "hp": 178,
            "gold": 124,
            "exp": 124,
            "range": 34,
            "attack": 64
        },
        {
            "x": 789,
            "y": 886,
            "hp": 108,
            "gold": 129,
            "exp": 135,
            "range": 37,
            "attack": 50
        },
        {
            "x": 835,
            "y": 875,
            "hp": 119,
            "gold": 123,
            "exp": 136,
            "range": 30,
            "attack": 50
        },
        {
            "x": 96,
            "y": 63,
            "hp": 193,
            "gold": 121,
            "exp": 124,
            "range": 41,
            "attack": 72
        },
        {
            "x": 54,
            "y": 101,
            "hp": 173,
            "gold": 126,
            "exp": 136,
            "range": 34,
            "attack": 41
        },
        {
            "x": 17,
            "y": 60,
            "hp": 186,
            "gold": 126,
            "exp": 111,
            "range": 32,
            "attack": 80
        },
        {
            "x": 57,
            "y": 22,
            "hp": 160,
            "gold": 125,
            "exp": 171,
            "range": 42,
            "attack": 63
        },
        {
            "x": 78,
            "y": 898,
            "hp": 108,
            "gold": 126,
            "exp": 132,
            "range": 42,
            "attack": 35
        },
        {
            "x": 60,
            "y": 928,
            "hp": 144,
            "gold": 125,
            "exp": 173,
            "range": 36,
            "attack": 22
        },
        {
            "x": 27,
            "y": 933,
            "hp": 108,
            "gold": 122,
            "exp": 185,
            "range": 33,
            "attack": 60
        },
        {
            "x": 2,
            "y": 911,
            "hp": 142,
            "gold": 124,
            "exp": 199,
            "range": 30,
            "attack": 39
        },
        {
            "x": 4,
            "y": 875,
            "hp": 138,
            "gold": 120,
            "exp": 147,
            "range": 38,
            "attack": 30
        },
        {
            "x": 31,
            "y": 855,
            "hp": 120,
            "gold": 122,
            "exp": 113,
            "range": 30,
            "attack": 30
        },
        {
            "x": 64,
            "y": 864,
            "hp": 130,
            "gold": 121,
            "exp": 124,
            "range": 41,
            "attack": 59
        },
        {
            "x": 832,
            "y": 598,
            "hp": 138,
            "gold": 120,
            "exp": 192,
            "range": 38,
            "attack": 66
        },
        {
            "x": 817,
            "y": 627,
            "hp": 108,
            "gold": 124,
            "exp": 181,
            "range": 38,
            "attack": 65
        },
        {
            "x": 782,
            "y": 634,
            "hp": 127,
            "gold": 125,
            "exp": 141,
            "range": 31,
            "attack": 16
        },
        {
            "x": 756,
            "y": 612,
            "hp": 142,
            "gold": 124,
            "exp": 102,
            "range": 31,
            "attack": 45
        },
        {
            "x": 758,
            "y": 576,
            "hp": 133,
            "gold": 119,
            "exp": 172,
            "range": 35,
            "attack": 46
        },
        {
            "x": 785,
            "y": 556,
            "hp": 143,
            "gold": 124,
            "exp": 134,
            "range": 37,
            "attack": 17
        },
        {
            "x": 818,
            "y": 565,
            "hp": 145,
            "gold": 125,
            "exp": 115,
            "range": 42,
            "attack": 22
        },
        {
            "x": 180,
            "y": 509,
            "hp": 146,
            "gold": 126,
            "exp": 116,
            "range": 38,
            "attack": 59
        },
        {
            "x": 163,
            "y": 540,
            "hp": 153,
            "gold": 124,
            "exp": 136,
            "range": 31,
            "attack": 25
        },
        {
            "x": 130,
            "y": 546,
            "hp": 109,
            "gold": 118,
            "exp": 154,
            "range": 32,
            "attack": 35
        },
        {
            "x": 104,
            "y": 523,
            "hp": 150,
            "gold": 125,
            "exp": 120,
            "range": 37,
            "attack": 37
        },
        {
            "x": 105,
            "y": 489,
            "hp": 118,
            "gold": 125,
            "exp": 175,
            "range": 42,
            "attack": 39
        },
        {
            "x": 133,
            "y": 468,
            "hp": 122,
            "gold": 125,
            "exp": 164,
            "range": 36,
            "attack": 44
        },
        {
            "x": 166,
            "y": 477,
            "hp": 139,
            "gold": 118,
            "exp": 137,
            "range": 33,
            "attack": 31
        },
        {
            "x": 617,
            "y": 861,
            "hp": 109,
            "gold": 119,
            "exp": 188,
            "range": 37,
            "attack": 77
        },
        {
            "x": 596,
            "y": 896,
            "hp": 121,
            "gold": 126,
            "exp": 130,
            "range": 42,
            "attack": 64
        },
        {
            "x": 556,
            "y": 894,
            "hp": 146,
            "gold": 121,
            "exp": 164,
            "range": 42,
            "attack": 4
        },
        {
            "x": 538,
            "y": 859,
            "hp": 123,
            "gold": 121,
            "exp": 163,
            "range": 41,
            "attack": 4
        },
        {
            "x": 558,
            "y": 826,
            "hp": 128,
            "gold": 121,
            "exp": 163,
            "range": 42,
            "attack": 33
        },
        {
            "x": 599,
            "y": 827,
            "hp": 137,
            "gold": 124,
            "exp": 139,
            "range": 40,
            "attack": 4
        },
        {
            "x": 665,
            "y": 726,
            "hp": 134,
            "gold": 122,
            "exp": 195,
            "range": 35,
            "attack": 35
        },
        {
            "x": 649,
            "y": 758,
            "hp": 136,
            "gold": 126,
            "exp": 190,
            "range": 33,
            "attack": 76
        },
        {
            "x": 613,
            "y": 763,
            "hp": 129,
            "gold": 124,
            "exp": 191,
            "range": 34,
            "attack": 36
        },
        {
            "x": 589,
            "y": 743,
            "hp": 155,
            "gold": 122,
            "exp": 186,
            "range": 36,
            "attack": 48
        },
        {
            "x": 590,
            "y": 707,
            "hp": 155,
            "gold": 118,
            "exp": 144,
            "range": 37,
            "attack": 44
        },
        {
            "x": 619,
            "y": 686,
            "hp": 106,
            "gold": 123,
            "exp": 154,
            "range": 35,
            "attack": 32
        },
        {
            "x": 651,
            "y": 695,
            "hp": 143,
            "gold": 120,
            "exp": 192,
            "range": 39,
            "attack": 24
        },
        {
            "x": 370,
            "y": 299,
            "hp": 133,
            "gold": 121,
            "exp": 162,
            "range": 35,
            "attack": 37
        },
        {
            "x": 358,
            "y": 327,
            "hp": 134,
            "gold": 121,
            "exp": 177,
            "range": 30,
            "attack": 16
        },
        {
            "x": 328,
            "y": 338,
            "hp": 127,
            "gold": 118,
            "exp": 140,
            "range": 36,
            "attack": 74
        },
        {
            "x": 300,
            "y": 325,
            "hp": 128,
            "gold": 120,
            "exp": 153,
            "range": 32,
            "attack": 37
        },
        {
            "x": 291,
            "y": 297,
            "hp": 106,
            "gold": 124,
            "exp": 192,
            "range": 38,
            "attack": 70
        },
        {
            "x": 303,
            "y": 270,
            "hp": 107,
            "gold": 119,
            "exp": 138,
            "range": 32,
            "attack": 77
        },
        {
            "x": 334,
            "y": 259,
            "hp": 102,
            "gold": 124,
            "exp": 161,
            "range": 42,
            "attack": 70
        },
        {
            "x": 359,
            "y": 271,
            "hp": 107,
            "gold": 117,
            "exp": 194,
            "range": 40,
            "attack": 69
        },
        {
            "x": 704,
            "y": 215,
            "hp": 132,
            "gold": 116,
            "exp": 132,
            "range": 43,
            "attack": 3
        },
        {
            "x": 695,
            "y": 241,
            "hp": 139,
            "gold": 121,
            "exp": 120,
            "range": 40,
            "attack": 21
        },
        {
            "x": 675,
            "y": 254,
            "hp": 121,
            "gold": 123,
            "exp": 192,
            "range": 35,
            "attack": 10
        },
        {
            "x": 648,
            "y": 252,
            "hp": 134,
            "gold": 123,
            "exp": 176,
            "range": 35,
            "attack": 37
        },
        {
            "x": 630,
            "y": 238,
            "hp": 122,
            "gold": 121,
            "exp": 128,
            "range": 39,
            "attack": 30
        },
        {
            "x": 623,
            "y": 213,
            "hp": 108,
            "gold": 120,
            "exp": 194,
            "range": 34,
            "attack": 15
        },
        {
            "x": 631,
            "y": 190,
            "hp": 110,
            "gold": 118,
            "exp": 194,
            "range": 41,
            "attack": 22
        },
        {
            "x": 652,
            "y": 175,
            "hp": 119,
            "gold": 116,
            "exp": 196,
            "range": 41,
            "attack": 63
        },
        {
            "x": 677,
            "y": 176,
            "hp": 110,
            "gold": 117,
            "exp": 127,
            "range": 31,
            "attack": 23
        },
        {
            "x": 698,
            "y": 193,
            "hp": 128,
            "gold": 119,
            "exp": 190,
            "range": 43,
            "attack": 53
        },
        {
            "x": 708,
            "y": 307,
            "hp": 131,
            "gold": 126,
            "exp": 164,
            "range": 33,
            "attack": 6
        },
        {
            "x": 693,
            "y": 339,
            "hp": 142,
            "gold": 124,
            "exp": 125,
            "range": 43,
            "attack": 30
        },
        {
            "x": 655,
            "y": 346,
            "hp": 117,
            "gold": 125,
            "exp": 119,
            "range": 42,
            "attack": 56
        },
        {
            "x": 630,
            "y": 324,
            "hp": 101,
            "gold": 125,
            "exp": 111,
            "range": 37,
            "attack": 8
        },
        {
            "x": 632,
            "y": 286,
            "hp": 111,
            "gold": 123,
            "exp": 124,
            "range": 43,
            "attack": 17
        },
        {
            "x": 659,
            "y": 266,
            "hp": 136,
            "gold": 119,
            "exp": 108,
            "range": 36,
            "attack": 27
        },
        {
            "x": 695,
            "y": 276,
            "hp": 117,
            "gold": 120,
            "exp": 160,
            "range": 37,
            "attack": 77
        },
        {
            "x": 775,
            "y": 948,
            "hp": 103,
            "gold": 124,
            "exp": 120,
            "range": 34,
            "attack": 40
        },
        {
            "x": 733,
            "y": 986,
            "hp": 163,
            "gold": 125,
            "exp": 189,
            "range": 42,
            "attack": 33
        },
        {
            "x": 694,
            "y": 945,
            "hp": 190,
            "gold": 124,
            "exp": 157,
            "range": 37,
            "attack": 26
        },
        {
            "x": 735,
            "y": 905,
            "hp": 138,
            "gold": 121,
            "exp": 185,
            "range": 42,
            "attack": 56
        },
        {
            "x": 168,
            "y": 172,
            "hp": 131,
            "gold": 122,
            "exp": 167,
            "range": 32,
            "attack": 48
        },
        {
            "x": 127,
            "y": 209,
            "hp": 135,
            "gold": 124,
            "exp": 157,
            "range": 39,
            "attack": 28
        },
        {
            "x": 87,
            "y": 165,
            "hp": 181,
            "gold": 132,
            "exp": 114,
            "range": 33,
            "attack": 2
        },
        {
            "x": 128,
            "y": 128,
            "hp": 113,
            "gold": 121,
            "exp": 116,
            "range": 43,
            "attack": 74
        },
        {
            "x": 843,
            "y": 333,
            "hp": 106,
            "gold": 121,
            "exp": 140,
            "range": 36,
            "attack": 46
        },
        {
            "x": 832,
            "y": 360,
            "hp": 100,
            "gold": 122,
            "exp": 197,
            "range": 33,
            "attack": 13
        },
        {
            "x": 806,
            "y": 372,
            "hp": 138,
            "gold": 118,
            "exp": 110,
            "range": 33,
            "attack": 75
        },
        {
            "x": 779,
            "y": 365,
            "hp": 141,
            "gold": 118,
            "exp": 180,
            "range": 35,
            "attack": 60
        },
        {
            "x": 763,
            "y": 344,
            "hp": 109,
            "gold": 119,
            "exp": 160,
            "range": 37,
            "attack": 10
        },
        {
            "x": 764,
            "y": 317,
            "hp": 106,
            "gold": 123,
            "exp": 192,
            "range": 40,
            "attack": 45
        },
        {
            "x": 784,
            "y": 295,
            "hp": 115,
            "gold": 119,
            "exp": 150,
            "range": 41,
            "attack": 79
        },
        {
            "x": 814,
            "y": 292,
            "hp": 112,
            "gold": 117,
            "exp": 165,
            "range": 41,
            "attack": 39
        },
        {
            "x": 836,
            "y": 308,
            "hp": 119,
            "gold": 118,
            "exp": 153,
            "range": 33,
            "attack": 27
        },
        {
            "x": 432,
            "y": 680,
            "hp": 135,
            "gold": 122,
            "exp": 149,
            "range": 31,
            "attack": 27
        },
        {
            "x": 424,
            "y": 701,
            "hp": 107,
            "gold": 119,
            "exp": 184,
            "range": 31,
            "attack": 60
        },
        {
            "x": 403,
            "y": 716,
            "hp": 119,
            "gold": 119,
            "exp": 101,
            "range": 40,
            "attack": 27
        },
        {
            "x": 377,
            "y": 715,
            "hp": 136,
            "gold": 123,
            "exp": 142,
            "range": 32,
            "attack": 58
        },
        {
            "x": 358,
            "y": 700,
            "hp": 138,
            "gold": 121,
            "exp": 112,
            "range": 41,
            "attack": 73
        },
        {
            "x": 351,
            "y": 676,
            "hp": 120,
            "gold": 118,
            "exp": 124,
            "range": 41,
            "attack": 32
        },
        {
            "x": 359,
            "y": 652,
            "hp": 105,
            "gold": 117,
            "exp": 182,
            "range": 31,
            "attack": 38
        },
        {
            "x": 382,
            "y": 637,
            "hp": 127,
            "gold": 120,
            "exp": 123,
            "range": 41,
            "attack": 17
        },
        {
            "x": 405,
            "y": 638,
            "hp": 118,
            "gold": 120,
            "exp": 143,
            "range": 36,
            "attack": 64
        },
        {
            "x": 426,
            "y": 655,
            "hp": 133,
            "gold": 117,
            "exp": 158,
            "range": 39,
            "attack": 45
        }
    ]
}