{
    "hero": {
        "base_speed": 3200,
        "base_power": 150,
        "base_range": 35,
        "level_speed_coeff": 1,
        "level_power_coeff": 8,
        "level_range_coeff": 3
    },
    "start_x": 1148,
    "start_y": 274,
    "width": 2222,
    "height": 777,
    "num_turns": 217,
    "monsters": [
        {
            "x": 862,
            "y": 326,
            "hp": 146,
            "gold": 125,
            "exp": 192,
            "range": 26,
            "attack": 3
        },
        {
            "x": 844,
            "y": 355,
            "hp": 125,
            "gold": 126,
            "exp": 195,
            "range": 27,
            "attack": 85
        },
        {
            "x": 810,
            "y": 352,
            "hp": 105,
            "gold": 121,
            "exp": 193,
            "range": 24,
            "attack": 84
        },
        {
            "x": 797,
            "y": 322,
            "hp": 119,
            "gold": 124,
            "exp": 161,
            "range": 35,
            "attack": 91
        },
        {
            "x": 813,
            "y": 297,
            "hp": 150,
            "gold": 120,
            "exp": 192,
            "range": 30,
            "attack": 6
        },
        {
            "x": 846,
            "y": 297,
            "hp": 158,
            "gold": 118,
            "exp": 184,
            "range": 24,
            "attack": 75
        },
        {
            "x": 507,
            "y": 490,
            "hp": 173,
            "gold": 129,
            "exp": 142,
            "range": 32,
            "attack": 68
        },
        {
            "x": 483,
            "y": 521,
            "hp": 122,
            "gold": 127,
            "exp": 136,
            "range": 24,
            "attack": 48
        },
        {
            "x": 446,
            "y": 508,
            "hp": 170,
            "gold": 127,
            "exp": 185,
            "range": 31,
            "attack": 13
        },
        {
            "x": 448,
            "y": 466,
            "hp": 174,
            "gold": 126,
            "exp": 187,
            "range": 25,
            "attack": 21
        },
        {
            "x": 486,
            "y": 457,
            "hp": 108,
            "gold": 121,
            "exp": 129,
            "range": 35,
            "attack": 5
        },
        {
            "x": 1828,
            "y": 559,
            "hp": 120,
            "gold": 123,
            "exp": 180,
            "range": 27,
            "attack": 65
        },
        {
            "x": 1809,
            "y": 588,
            "hp": 120,
            "gold": 122,
            "exp": 108,
            "range": 36,
            "attack": 18
        },
        {
            "x": 1777,
            "y": 587,
            "hp": 165,
            "gold": 120,
            "exp": 118,
            "range": 30,
            "attack": 26
        },
        {
            "x": 1761,
            "y": 554,
            "hp": 129,
            "gold": 122,
            "exp": 149,
            "range": 24,
            "attack": 33
        },
        {
            "x": 1780,
            "y": 527,
            "hp": 138,
            "gold": 122,
            "exp": 189,
            "range": 34,
            "attack": 19
        },
        {
            "x": 1812,
            "y": 529,
            "hp": 113,
            "gold": 127,
            "exp": 111,
            "range": 34,
            "attack": 69
        },
        {
            "x": 395,
            "y": 745,
            "hp": 110,
            "gold": 130,
            "exp": 188,
            "range": 31,
            "attack": 42
        },
        {
            "x": 357,
            "y": 777,
            "hp": 184,
            "gold": 122,
            "exp": 104,
            "range": 34,
            "attack": 56
        },
        {
            "x": 326,
            "y": 742,
            "hp": 193,
            "gold": 129,
            "exp": 145,
            "range": 31,
            "attack": 37
        },
        {
            "x": 361,
            "y": 708,
            "hp": 112,
            "gold": 126,
            "exp": 199,
            "range": 29,
            "attack": 94
        },
        {
            "x": 601,
            "y": 172,
            "hp": 162,
            "gold": 129,
            "exp": 182,
            "range": 26,
            "attack": 16
        },
        {
            "x": 574,
            "y": 205,
            "hp": 109,
            "gold": 120,
            "exp": 197,
            "range": 30,
            "attack": 97
        },
        {
            "x": 537,
            "y": 190,
            "hp": 144,
            "gold": 124,
            "exp": 100,
            "range": 29,
            "attack": 26
        },
        {
            "x": 539,
            "y": 149,
            "hp": 101,
            "gold": 123,
            "exp": 142,
            "range": 30,
            "attack": 9
        },
        {
            "x": 578,
            "y": 137,
            "hp": 118,
            "gold": 124,
            "exp": 103,
            "range": 25,
            "attack": 30
        },
        {
            "x": 2222,
            "y": 524,
            "hp": 177,
            "gold": 124,
            "exp": 148,
            "range": 32,
            "attack": 93
        },
        {
            "x": 2197,
            "y": 558,
            "hp": 107,
            "gold": 125,
            "exp": 122,
            "range": 28,
            "attack": 49
        },
        {
            "x": 2157,
            "y": 544,
            "hp": 142,
            "gold": 129,
            "exp": 126,
            "range": 33,
            "attack": 92
        },
        {
            "x": 2160,
            "y": 500,
            "hp": 134,
            "gold": 123,
            "exp": 149,
            "range": 28,
            "attack": 75
        },
        {
            "x": 2200,
            "y": 490,
            "hp": 144,
            "gold": 120,
            "exp": 164,
            "range": 34,
            "attack": 78
        },
        {
            "x": 1185,
            "y": 432,
            "hp": 149,
            "gold": 122,
            "exp": 179,
            "range": 38,
            "attack": 70
        },
        {
            "x": 1166,
            "y": 463,
            "hp": 119,
            "gold": 121,
            "exp": 150,
            "range": 36,
            "attack": 75
        },
        {
            "x": 1131,
            "y": 462,
            "hp": 162,
            "gold": 121,
            "exp": 128,
            "range": 33,
            "attack": 84
        },
        {
            "x": 1114,
            "y": 428,
            "hp": 127,
            "gold": 127,
            "exp": 141,
            "range": 34,
            "attack": 100
        },
        {
            "x": 1135,
            "y": 398,
            "hp": 166,
            "gold": 121,
            "exp": 154,
            "range": 31,
            "attack": 50
        },
        {
            "x": 1170,
            "y": 401,
            "hp": 157,
            "gold": 126,
            "exp": 155,
            "range": 30,
            "attack": 94
        },
        {
            "x": 1387,
            "y": 188,
            "hp": 159,
            "gold": 127,
            "exp": 136,
            "range": 27,
            "attack": 48
        },
        {
            "x": 1362,
            "y": 222,
            "hp": 105,
            "gold": 126,
            "exp": 139,
            "range": 38,
            "attack": 42
        },
        {
            "x": 1320,
            "y": 208,
            "hp": 108,
            "gold": 125,
            "exp": 171,
            "range": 39,
            "attack": 17
        },
        {
            "x": 1321,
            "y": 164,
            "hp": 105,
            "gold": 125,
            "exp": 190,
            "range": 37,
            "attack": 42
        },
        {
            "x": 1365,
            "y": 152,
            "hp": 157,
            "gold": 129,
            "exp": 191,
            "range": 39,
            "attack": 56
        },
        {
            "x": 2049,
            "y": 476,
            "hp": 144,
            "gold": 126,
            "exp": 153,
            "range": 27,
            "attack": 45
        },
        {
            "x": 2022,
            "y": 510,
            "hp": 114,
            "gold": 128,
            "exp": 179,
            "range": 32,
            "attack": 75
        },
        {
            "x": 1981,
            "y": 493,
            "hp": 130,
            "gold": 123,
            "exp": 191,
            "range": 37,
            "attack": 98
        },
        {
            "x": 1983,
            "y": 452,
            "hp": 177,
            "gold": 121,
            "exp": 114,
            "range": 38,
            "attack": 69
        },
        {
            "x": 2025,
            "y": 440,
            "hp": 167,
            "gold": 126,
            "exp": 197,
            "range": 32,
            "attack": 9
        },
        {
            "x": 2203,
            "y": 299,
            "hp": 114,
            "gold": 123,
            "exp": 196,
            "range": 29,
            "attack": 39
        },
        {
            "x": 2174,
            "y": 333,
            "hp": 165,
            "gold": 120,
            "exp": 135,
            "range": 34,
            "attack": 13
        },
        {
            "x": 2133,
            "y": 316,
            "hp": 166,
            "gold": 122,
            "exp": 178,
            "range": 34,
            "attack": 7
        },
        {
            "x": 2135,
            "y": 273,
            "hp": 152,
            "gold": 122,
            "exp": 138,
            "range": 37,
            "attack": 67
        },
        {
            "x": 2179,
            "y": 260,
            "hp": 150,
            "gold": 126,
            "exp": 117,
            "range": 38,
            "attack": 8
        },
        {
            "x": 960,
            "y": 247,
            "hp": 174,
            "gold": 120,
            "exp": 106,
            "range": 39,
            "attack": 59
        },
        {
            "x": 931,
            "y": 280,
            "hp": 153,
            "gold": 129,
            "exp": 190,
            "range": 29,
            "attack": 29
        },
        {
            "x": 891,
            "y": 264,
            "hp": 155,
            "gold": 123,
            "exp": 122,
            "range": 37,
            "attack": 36
        },
        {
            "x": 894,
            "y": 219,
            "hp": 152,
            "gold": 121,
            "exp": 108,
            "range": 33,
            "attack": 37
        },
        {
            "x": 936,
            "y": 208,
            "hp": 171,
            "gold": 122,
            "exp": 164,
            "range": 34,
            "attack": 81
        },
        {
            "x": 191,
            "y": 385,
            "hp": 101,
            "gold": 129,
            "exp": 158,
            "range": 40,
            "attack": 81
        },
        {
            "x": 152,
            "y": 419,
            "hp": 184,
            "gold": 127,
            "exp": 172,
            "range": 38,
            "attack": 85
        },
        {
            "x": 116,
            "y": 380,
            "hp": 103,
            "gold": 125,
            "exp": 126,
            "range": 32,
            "attack": 10
        },
        {
            "x": 156,
            "y": 344,
            "hp": 130,
            "gold": 130,
            "exp": 118,
            "range": 32,
            "attack": 94
        },
        {
            "x": 1867,
            "y": 41,
            "hp": 153,
            "gold": 124,
            "exp": 154,
            "range": 32,
            "attack": 36
        },
        {
            "x": 1840,
            "y": 77,
            "hp": 157,
            "gold": 126,
            "exp": 115,
            "range": 35,
            "attack": 60
        },
        {
            "x": 1797,
            "y": 60,
            "hp": 107,
            "gold": 127,
            "exp": 162,
            "range": 28,
            "attack": 26
        },
        {
            "x": 1799,
            "y": 18,
            "hp": 158,
            "gold": 129,
            "exp": 133,
            "range": 31,
            "attack": 96
        },
        {
            "x": 1844,
            "y": 5,
            "hp": 171,
            "gold": 121,
            "exp": 159,
            "range": 29,
            "attack": 72
        },
        {
            "x": 463,
            "y": 370,
            "hp": 125,
            "gold": 121,
            "exp": 133,
            "range": 40,
            "attack": 61
        },
        {
            "x": 442,
            "y": 403,
            "hp": 106,
            "gold": 125,
            "exp": 125,
            "range": 29,
            "attack": 25
        },
        {
            "x": 405,
            "y": 402,
            "hp": 146,
            "gold": 121,
            "exp": 121,
            "range": 34,
            "attack": 8
        },
        {
            "x": 386,
            "y": 368,
            "hp": 113,
            "gold": 127,
            "exp": 107,
            "range": 40,
            "attack": 74
        },
        {
            "x": 406,
            "y": 334,
            "hp": 160,
            "gold": 125,
            "exp": 167,
            "range": 36,
            "attack": 64
        },
        {
            "x": 447,
            "y": 336,
            "hp": 148,
            "gold": 126,
            "exp": 164,
            "range": 37,
            "attack": 13
        },
        {
            "x": 611,
            "y": 410,
            "hp": 194,
            "gold": 125,
            "exp": 179,
            "range": 29,
            "attack": 48
        },
        {
            "x": 569,
            "y": 446,
            "hp": 141,
            "gold": 126,
            "exp": 100,
            "range": 39,
            "attack": 61
        },
        {
            "x": 534,
            "y": 407,
            "hp": 198,
            "gold": 122,
            "exp": 185,
            "range": 31,
            "attack": 55
        },
        {
            "x": 573,
            "y": 369,
            "hp": 115,
            "gold": 132,
            "exp": 170,
            "range": 33,
            "attack": 36
        },
        {
            "x": 1656,
            "y": 51,
            "hp": 128,
            "gold": 121,
            "exp": 166,
            "range": 38,
            "attack": 63
        },
        {
            "x": 1617,
            "y": 87,
            "hp": 196,
            "gold": 125,
            "exp": 166,
            "range": 37,
            "attack": 6
        },
        {
            "x": 1579,
            "y": 45,
            "hp": 117,
            "gold": 125,
            "exp": 134,
            "range": 34,
            "attack": 47
        },
        {
            "x": 1618,
            "y": 10,
            "hp": 137,
            "gold": 124,
            "exp": 199,
            "range": 41,
            "attack": 25
        },
        {
            "x": 651,
            "y": 626,
            "hp": 158,
            "gold": 126,
            "exp": 114,
            "range": 30,
            "attack": 28
        },
        {
            "x": 629,
            "y": 658,
            "hp": 109,
            "gold": 124,
            "exp": 146,
            "range": 37,
            "attack": 95
        },
        {
            "x": 592,
            "y": 656,
            "hp": 145,
            "gold": 126,
            "exp": 155,
            "range": 37,
            "attack": 43
        },
        {
            "x": 574,
            "y": 622,
            "hp": 155,
            "gold": 121,
            "exp": 179,
            "range": 29,
            "attack": 27
        },
        {
            "x": 594,
            "y": 588,
            "hp": 155,
            "gold": 121,
            "exp": 117,
            "range": 41,
            "attack": 49
        },
        {
            "x": 633,
            "y": 589,
            "hp": 130,
            "gold": 128,
            "exp": 160,
            "range": 36,
            "attack": 69
        },
        {
            "x": 1241,
            "y": 271,
            "hp": 143,
            "gold": 126,
            "exp": 195,
            "range": 35,
            "attack": 73
        },
        {
            "x": 1213,
            "y": 309,
            "hp": 124,
            "gold": 123,
            "exp": 102,
            "range": 41,
            "attack": 62
        },
        {
            "x": 1167,
            "y": 291,
            "hp": 176,
            "gold": 123,
            "exp": 149,
            "range": 37,
            "attack": 36
        },
        {
            "x": 1170,
            "y": 245,
            "hp": 136,
            "gold": 127,
            "exp": 170,
            "range": 41,
            "attack": 20
        },
        {
            "x": 1214,
            "y": 232,
            "hp": 128,
            "gold": 123,
            "exp": 176,
            "range": 31,
            "attack": 58
        },
        {
            "x": 910,
            "y": 437,
            "hp": 139,
            "gold": 126,
            "exp": 116,
            "range": 30,
            "attack": 24
        },
        {
            "x": 889,
            "y": 470,
            "hp": 139,
            "gold": 125,
            "exp": 146,
            "range": 40,
            "attack": 42
        },
        {
            "x": 849,
            "y": 468,
            "hp": 120,
            "gold": 120,
            "exp": 101,
            "range": 34,
            "attack": 30
        },
        {
            "x": 831,
            "y": 433,
            "hp": 153,
            "gold": 125,
            "exp": 136,
            "range": 42,
            "attack": 46
        },
        {
            "x": 853,
            "y": 399,
            "hp": 147,
            "gold": 124,
            "exp": 154,
            "range": 35,
            "attack": 73
        },
        {
            "x": 893,
            "y": 401,
            "hp": 109,
            "gold": 123,
            "exp": 100,
            "range": 40,
            "attack": 17
        },
        {
            "x": 959,
            "y": 146,
            "hp": 149,
            "gold": 120,
            "exp": 111,
            "range": 37,
            "attack": 17
        },
        {
            "x": 938,
            "y": 178,
            "hp": 134,
            "gold": 122,
            "exp": 148,
            "range": 41,
            "attack": 17
        },
        {
            "x": 896,
            "y": 175,
            "hp": 140,
            "gold": 126,
            "exp": 147,
            "range": 35,
            "attack": 33
        },
        {
            "x": 880,
            "y": 139,
            "hp": 159,
            "gold": 128,
            "exp": 166,
            "range": 42,
            "attack": 59
        },
        {
            "x": 902,
            "y": 107,
            "hp": 128,
            "gold": 127,
            "exp": 150,
            "range": 39,
            "attack": 7
        },
        {
            "x": 940,
            "y": 108,
            "hp": 142,
            "gold": 123,
            "exp": 184,
            "range": 30,
            "attack": 65
        },
        {
            "x": 800,
            "y": 448,
            "hp": 118,
            "gold": 122,
            "exp": 164,
            "range": 32,
            "attack": 98
        },
        {
            "x": 758,
            "y": 487,
            "hp": 123,
            "gold": 132,
            "exp": 150,
            "range": 34,
            "attack": 15
        },
        {
            "x": 721,
            "y": 447,
            "hp": 139,
            "gold": 125,
            "exp": 164,
            "range": 40,
            "attack": 28
        },
        {
            "x": 762,
            "y": 408,
            "hp": 193,
            "gold": 123,
            "exp": 195,
            "range": 34,
            "attack": 23
        },
        {
            "x": 1722,
            "y": 322,
            "hp": 195,
            "gold": 122,
            "exp": 162,
            "range": 31,
            "attack": 11
        },
        {
            "x": 1679,
            "y": 359,
            "hp": 146,
            "gold": 131,
            "exp": 185,
            "range": 33,
            "attack": 13
        },
        {
            "x": 1643,
            "y": 319,
            "hp": 125,
            "gold": 125,
            "exp": 158,
            "range": 36,
            "attack": 43
        },
        {
            "x": 1683,
            "y": 280,
            "hp": 158,
            "gold": 128,
            "exp": 139,
            "range": 38,
            "attack": 32
        },
        {
            "x": 2107,
            "y": 176,
            "hp": 161,
            "gold": 124,
            "exp": 117,
            "range": 31,
            "attack": 98
        },
        {
            "x": 2084,
            "y": 211,
            "hp": 127,
            "gold": 124,
            "exp": 129,
            "range": 41,
            "attack": 49
        },
        {
            "x": 2045,
            "y": 208,
            "hp": 111,
            "gold": 119,
            "exp": 190,
            "range": 36,
            "attack": 90
        },
        {
            "x": 2026,
            "y": 170,
            "hp": 141,
            "gold": 123,
            "exp": 144,
            "range": 31,
            "attack": 58
        },
        {
            "x": 2047,
            "y": 137,
            "hp": 151,
            "gold": 127,
            "exp": 199,
            "range": 32,
            "attack": 30
        },
        {
            "x": 2088,
            "y": 139,
            "hp": 163,
            "gold": 122,
            "exp": 134,
            "range": 40,
            "attack": 20
        },
        {
            "x": 2119,
            "y": 617,
            "hp": 176,
            "gold": 126,
            "exp": 191,
            "range": 32,
            "attack": 30
        },
        {
            "x": 2089,
            "y": 656,
            "hp": 101,
            "gold": 126,
            "exp": 151,
            "range": 33,
            "attack": 74
        },
        {
            "x": 2044,
            "y": 639,
            "hp": 148,
            "gold": 128,
            "exp": 100,
            "range": 35,
            "attack": 27
        },
        {
            "x": 2046,
            "y": 592,
            "hp": 152,
            "gold": 127,
            "exp": 103,
            "range": 42,
            "attack": 5
        },
        {
            "x": 2092,
            "y": 578,
            "hp": 111,
            "gold": 129,
            "exp": 180,
            "range": 38,
            "attack": 85
        },
        {
            "x": 1146,
            "y": 262,
            "hp": 187,
            "gold": 128,
            "exp": 126,
            "range": 43,
            "attack": 13
        },
        {
            "x": 1105,
            "y": 302,
            "hp": 187,
            "gold": 128,
            "exp": 157,
            "range": 33,
            "attack": 55
        },
        {
            "x": 1065,
            "y": 260,
            "hp": 121,
            "gold": 127,
            "exp": 108,
            "range": 42,
            "attack": 2
        },
        {
            "x": 1108,
            "y": 221,
            "hp": 142,
            "gold": 121,
            "exp": 129,
            "range": 35,
            "attack": 13
        },
        {
            "x": 1396,
            "y": 700,
            "hp": 194,
            "gold": 127,
            "exp": 124,
            "range": 34,
            "attack": 84
        },
        {
            "x": 1353,
            "y": 737,
            "hp": 154,
            "gold": 123,
            "exp": 110,
            "range": 41,
            "attack": 2
        },
        {
            "x": 1315,
            "y": 693,
            "hp": 188,
            "gold": 121,
            "exp": 150,
            "range": 39,
            "attack": 78
        },
        {
            "x": 1356,
            "y": 656,
            "hp": 112,
            "gold": 129,
            "exp": 194,
            "range": 43,
            "attack": 72
        },
        {
            "x": 281,
            "y": 565,
            "hp": 151,
            "gold": 128,
            "exp": 122,
            "range": 39,
            "attack": 46
        },
        {
            "x": 253,
            "y": 602,
            "hp": 155,
            "gold": 128,
            "exp": 122,
            "range": 33,
            "attack": 25
        },
        {
            "x": 207,
            "y": 587,
            "hp": 127,
            "gold": 121,
            "exp": 144,
            "range": 35,
            "attack": 5
        },
        {
            "x": 207,
            "y": 538,
            "hp": 111,
            "gold": 126,
            "exp": 188,
            "range": 40,
            "attack": 50
        },
        {
            "x": 256,
            "y": 524,
            "hp": 146,
            "gold": 128,
            "exp": 157,
            "range": 32,
            "attack": 77
        },
        {
            "x": 1739,
            "y": 199,
            "hp": 196,
            "gold": 124,
            "exp": 114,
            "range": 35,
            "attack": 53
        },
        {
            "x": 1698,
            "y": 236,
            "hp": 111,
            "gold": 125,
            "exp": 122,
            "range": 42,
            "attack": 22
        },
        {
            "x": 1658,
            "y": 193,
            "hp": 178,
            "gold": 125,
            "exp": 178,
            "range": 42,
            "attack": 26
        },
        {
            "x": 1700,
            "y": 155,
            "hp": 137,
            "gold": 122,
            "exp": 132,
            "range": 36,
            "attack": 92
        },
        {
            "x": 666,
            "y": 197,
            "hp": 140,
            "gold": 126,
            "exp": 179,
            "range": 41,
            "attack": 52
        },
        {
            "x": 643,
            "y": 233,
            "hp": 163,
            "gold": 127,
            "exp": 162,
            "range": 41,
            "attack": 50
        },
        {
            "x": 604,
            "y": 230,
            "hp": 115,
            "gold": 123,
            "exp": 138,
            "range": 41,
            "attack": 37
        },
        {
            "x": 585,
            "y": 195,
            "hp": 135,
            "gold": 120,
            "exp": 143,
            "range": 33,
            "attack": 16
        },
        {
            "x": 607,
            "y": 159,
            "hp": 138,
            "gold": 119,
            "exp": 156,
            "range": 39,
            "attack": 26
        },
        {
            "x": 648,
            "y": 161,
            "hp": 120,
            "gold": 125,
            "exp": 183,
            "range": 37,
            "attack": 51
        },
        {
            "x": 348,
            "y": 285,
            "hp": 110,
            "gold": 119,
            "exp": 141,
            "range": 35,
            "attack": 6
        },
        {
            "x": 327,
            "y": 318,
            "hp": 151,
            "gold": 121,
            "exp": 112,
            "range": 41,
            "attack": 54
        },
        {
            "x": 282,
            "y": 316,
            "hp": 123,
            "gold": 126,
            "exp": 101,
            "range": 34,
            "attack": 93
        },
        {
            "x": 265,
            "y": 280,
            "hp": 128,
            "gold": 120,
            "exp": 140,
            "range": 35,
            "attack": 53
        },
        {
            "x": 286,
            "y": 245,
            "hp": 148,
            "gold": 121,
            "exp": 111,
            "range": 33,
            "attack": 38
        },
        {
            "x": 330,
            "y": 247,
            "hp": 163,
            "gold": 119,
            "exp": 194,
            "range": 35,
            "attack": 13
        },
        {
            "x": 2034,
            "y": 123,
            "hp": 164,
            "gold": 125,
            "exp": 123,
            "range": 36,
            "attack": 70
        },
        {
            "x": 2003,
            "y": 161,
            "hp": 164,
            "gold": 129,
            "exp": 137,
            "range": 36,
            "attack": 31
        },
        {
            "x": 1957,
            "y": 142,
            "hp": 144,
            "gold": 126,
            "exp": 185,
            "range": 38,
            "attack": 34
        },
        {
            "x": 1961,
            "y": 93,
            "hp": 110,
            "gold": 128,
            "exp": 174,
            "range": 36,
            "attack": 49
        },
        {
            "x": 2006,
            "y": 81,
            "hp": 155,
            "gold": 127,
            "exp": 196,
            "range": 44,
            "attack": 53
        },
        {
            "x": 539,
            "y": 339,
            "hp": 136,
            "gold": 121,
            "exp": 197,
            "range": 43,
            "attack": 75
        },
        {
            "x": 508,
            "y": 378,
            "hp": 104,
            "gold": 123,
            "exp": 106,
            "range": 33,
            "attack": 23
        },
        {
            "x": 463,
            "y": 361,
            "hp": 152,
            "gold": 127,
            "exp": 142,
            "range": 33,
            "attack": 45
        },
        {
            "x": 466,
            "y": 310,
            "hp": 117,
            "gold": 123,
            "exp": 172,
            "range": 37,
            "attack": 53
        },
        {
            "x": 512,
            "y": 298,
            "hp": 154,
            "gold": 120,
            "exp": 105,
            "range": 37,
            "attack": 36
        },
        {
            "x": 2222,
            "y": 644,
            "hp": 115,
            "gold": 129,
            "exp": 180,
            "range": 38,
            "attack": 41
        },
        {
            "x": 2202,
            "y": 684,
            "hp": 104,
            "gold": 126,
            "exp": 152,
            "range": 43,
            "attack": 66
        },
        {
            "x": 2157,
            "y": 668,
            "hp": 136,
            "gold": 127,
            "exp": 158,
            "range": 41,
            "attack": 44
        },
        {
            "x": 2159,
            "y": 617,
            "hp": 150,
            "gold": 120,
            "exp": 114,
            "range": 39,
            "attack": 62
        },
        {
            "x": 2205,
            "y": 604,
            "hp": 174,
            "gold": 127,
            "exp": 144,
            "range": 32,
            "attack": 60
        },
        {
            "x": 732,
            "y": 409,
            "hp": 118,
            "gold": 125,
            "exp": 164,
            "range": 33,
            "attack": 23
        },
        {
            "x": 710,
            "y": 446,
            "hp": 133,
            "gold": 121,
            "exp": 101,
            "range": 40,
            "attack": 25
        },
        {
            "x": 668,
            "y": 444,
            "hp": 139,
            "gold": 124,
            "exp": 107,
            "range": 35,
            "attack": 35
        },
        {
            "x": 649,
            "y": 405,
            "hp": 122,
            "gold": 124,
            "exp": 106,
            "range": 36,
            "attack": 33
        },
        {
            "x": 671,
            "y": 372,
            "hp": 139,
            "gold": 127,
            "exp": 168,
            "range": 36,
            "attack": 20
        },
        {
            "x": 713,
            "y": 373,
            "hp": 165,
            "gold": 125,
            "exp": 102,
            "range": 40,
            "attack": 33
        },
        {
            "x": 1654,
            "y": 382,
            "hp": 132,
            "gold": 127,
            "exp": 156,
            "range": 43,
            "attack": 88
        },
        {
            "x": 1632,
            "y": 418,
            "hp": 127,
            "gold": 126,
            "exp": 137,
            "range": 35,
            "attack": 70
        },
        {
            "x": 1588,
            "y": 415,
            "hp": 158,
            "gold": 119,
            "exp": 104,
            "range": 42,
            "attack": 16
        },
        {
            "x": 1571,
            "y": 379,
            "hp": 145,
            "gold": 121,
            "exp": 100,
            "range": 37,
            "attack": 75
        },
        {
            "x": 1594,
            "y": 343,
            "hp": 105,
            "gold": 122,
            "exp": 115,
            "range": 39,
            "attack": 57
        },
        {
            "x": 1635,
            "y": 345,
            "hp": 157,
            "gold": 127,
            "exp": 195,
            "range": 32,
            "attack": 51
        },
        {
            "x": 2012,
            "y": 44,
            "hp": 151,
            "gold": 119,
            "exp": 138,
            "range": 36,
            "attack": 5
        },
        {
            "x": 1989,
            "y": 78,
            "hp": 129,
            "gold": 126,
            "exp": 152,
            "range": 38,
            "attack": 98
        },
        {
            "x": 1947,
            "y": 76,
            "hp": 137,
            "gold": 121,
            "exp": 194,
            "range": 40,
            "attack": 97
        },
        {
            "x": 1927,
            "y": 38,
            "hp": 129,
            "gold": 123,
            "exp": 125,
            "range": 36,
            "attack": 7
        },
        {
            "x": 1952,
            "y": 0,
            "hp": 137,
            "gold": 127,
            "exp": 104,
            "range": 33,
            "attack": 86
        },
        {
            "x": 1994,
            "y": 4,
            "hp": 140,
            "gold": 125,
            "exp": 110,
            "range": 44,
            "attack": 41
        },
        {
            "x": 1411,
            "y": 636,
            "hp": 134,
            "gold": 125,
            "exp": 184,
            "range": 43,
            "attack": 74
        },
        {
            "x": 1389,
            "y": 670,
            "hp": 138,
            "gold": 127,
            "exp": 171,
            "range": 34,
            "attack": 71
        },
        {
            "x": 1346,
            "y": 669,
            "hp": 114,
            "gold": 120,
            "exp": 196,
            "range": 40,
            "attack": 95
        },
        {
            "x": 1326,
            "y": 630,
            "hp": 146,
            "gold": 127,
            "exp": 174,
            "range": 37,
            "attack": 39
        },
        {
            "x": 1350,
            "y": 594,
            "hp": 161,
            "gold": 127,
            "exp": 116,
            "range": 35,
            "attack": 86
        },
        {
            "x": 1391,
            "y": 596,
            "hp": 139,
            "gold": 125,
            "exp": 182,
            "range": 35,
            "attack": 9
        },
        {
            "x": 650,
            "y": 105,
            "hp": 127,
            "gold": 125,
            "exp": 153,
            "range": 35,
            "attack": 6
        },
        {
            "x": 628,
            "y": 141,
            "hp": 141,
            "gold": 122,
            "exp": 182,
            "range": 42,
            "attack": 97
        },
        {
            "x": 584,
            "y": 140,
            "hp": 106,
            "gold": 121,
            "exp": 107,
            "range": 42,
            "attack": 28
        },
        {
            "x": 565,
            "y": 103,
            "hp": 135,
            "gold": 127,
            "exp": 199,
            "range": 40,
            "attack": 40
        },
        {
            "x": 586,
            "y": 66,
            "hp": 156,
            "gold": 119,
            "exp": 127,
            "range": 41,
            "attack": 39
        },
        {
            "x": 632,
            "y": 68,
            "hp": 131,
            "gold": 123,
            "exp": 144,
            "range": 33,
            "attack": 6
        },
        {
            "x": 1813,
            "y": 52,
            "hp": 124,
            "gold": 121,
            "exp": 139,
            "range": 45,
            "attack": 87
        },
        {
            "x": 1783,
            "y": 93,
            "hp": 155,
            "gold": 126,
            "exp": 108,
            "range": 39,
            "attack": 100
        },
        {
            "x": 1733,
            "y": 73,
            "hp": 169,
            "gold": 128,
            "exp": 140,
            "range": 34,
            "attack": 81
        },
        {
            "x": 1738,
            "y": 24,
            "hp": 176,
            "gold": 123,
            "exp": 174,
            "range": 45,
            "attack": 81
        },
        {
            "x": 1784,
            "y": 11,
            "hp": 119,
            "gold": 127,
            "exp": 184,
            "range": 34,
            "attack": 90
        },
        {
            "x": 104,
            "y": 396,
            "hp": 146,
            "gold": 124,
            "exp": 177,
            "range": 45,
            "attack": 88
        },
        {
            "x": 71,
            "y": 435,
            "hp": 178,
            "gold": 124,
            "exp": 136,
            "range": 34,
            "attack": 98
        },
        {
            "x": 26,
            "y": 417,
            "hp": 148,
            "gold": 123,
            "exp": 164,
            "range": 37,
            "attack": 44
        },
        {
            "x": 29,
            "y": 364,
            "hp": 124,
            "gold": 128,
            "exp": 101,
            "range": 35,
            "attack": 69
        },
        {
            "x": 78,
            "y": 353,
            "hp": 116,
            "gold": 125,
            "exp": 164,
            "range": 34,
            "attack": 69
        },
        {
            "x": 1168,
            "y": 185,
            "hp": 159,
            "gold": 124,
            "exp": 123,
            "range": 41,
            "attack": 88
        },
        {
            "x": 1138,
            "y": 224,
            "hp": 176,
            "gold": 127,
            "exp": 171,
            "range": 39,
            "attack": 56
        },
        {
            "x": 1089,
            "y": 204,
            "hp": 119,
            "gold": 129,
            "exp": 152,
            "range": 38,
            "attack": 47
        },
        {
            "x": 1092,
            "y": 155,
            "hp": 145,
            "gold": 123,
            "exp": 114,
            "range": 43,
            "attack": 75
        },
        {
            "x": 1139,
            "y": 142,
            "hp": 170,
            "gold": 124,
            "exp": 195,
            "range": 33,
            "attack": 81
        },
        {
            "x": 163,
            "y": 722,
            "hp": 121,
            "gold": 123,
            "exp": 112,
            "range": 34,
            "attack": 73
        },
        {
            "x": 131,
            "y": 762,
            "hp": 165,
            "gold": 128,
            "exp": 164,
            "range": 42,
            "attack": 65
        },
        {
            "x": 83,
            "y": 742,
            "hp": 172,
            "gold": 123,
            "exp": 144,
            "range": 41,
            "attack": 23
        },
        {
            "x": 87,
            "y": 694,
            "hp": 104,
            "gold": 126,
            "exp": 189,
            "range": 42,
            "attack": 7
        },
        {
            "x": 134,
            "y": 680,
            "hp": 170,
            "gold": 129,
            "exp": 101,
            "range": 34,
            "attack": 53
        },
        {
            "x": 86,
            "y": 519,
            "hp": 161,
            "gold": 121,
            "exp": 136,
            "range": 45,
            "attack": 70
        },
        {
            "x": 62,
            "y": 557,
            "hp": 102,
            "gold": 122,
            "exp": 166,
            "range": 39,
            "attack": 50
        },
        {
            "x": 20,
            "y": 555,
            "hp": 144,
            "gold": 119,
            "exp": 185,
            "range": 41,
            "attack": 23
        },
        {
            "x": 1,
            "y": 515,
            "hp": 152,
            "gold": 121,
            "exp": 179,
            "range": 39,
            "attack": 21
        },
        {
            "x": 24,
            "y": 480,
            "hp": 141,
            "gold": 127,
            "exp": 130,
            "range": 37,
            "attack": 85
        },
        {
            "x": 65,
            "y": 481,
            "hp": 129,
            "gold": 119,
            "exp": 169,
            "range": 34,
            "attack": 7
        },
        {
            "x": 2121,
            "y": 687,
            "hp": 164,
            "gold": 122,
            "exp": 156,
            "range": 45,
            "attack": 96
        },
        {
            "x": 2091,
            "y": 729,
            "hp": 124,
            "gold": 128,
            "exp": 143,
            "range": 40,
            "attack": 11
        },
        {
            "x": 2040,
            "y": 709,
            "hp": 141,
            "gold": 123,
            "exp": 109,
            "range": 44,
            "attack": 78
        },
        {
            "x": 2045,
            "y": 657,
            "hp": 151,
            "gold": 129,
            "exp": 130,
            "range": 39,
            "attack": 18
        },
        {
            "x": 2092,
            "y": 645,
            "hp": 116,
            "gold": 129,
            "exp": 163,
            "range": 44,
            "attack": 74
        },
        {
            "x": 1825,
            "y": 621,
            "hp": 135,
            "gold": 128,
            "exp": 121,
            "range": 41,
            "attack": 35
        },
        {
            "x": 1793,
            "y": 661,
            "hp": 118,
            "gold": 124,
            "exp": 104,
            "range": 35,
            "attack": 40
        },
        {
            "x": 1744,
            "y": 641,
            "hp": 104,
            "gold": 123,
            "exp": 198,
            "range": 43,
            "attack": 44
        },
        {
            "x": 1747,
            "y": 591,
            "hp": 176,
            "gold": 121,
            "exp": 185,
            "range": 43,
            "attack": 36
        },
        {
            "x": 1797,
            "y": 577,
            "hp": 130,
            "gold": 127,
            "exp": 111,
            "range": 37,
            "attack": 15
        },
        {
            "x": 355,
            "y": 217,
            "hp": 127,
            "gold": 120,
            "exp": 138,
            "range": 43,
            "attack": 86
        },
        {
            "x": 332,
            "y": 255,
            "hp": 119,
            "gold": 119,
            "exp": 170,
            "range": 38,
            "attack": 24
        },
        {
            "x": 286,
            "y": 252,
            "hp": 158,
            "gold": 118,
            "exp": 110,
            "range": 37,
            "attack": 15
        },
        {
            "x": 268,
            "y": 215,
            "hp": 153,
            "gold": 120,
            "exp": 151,
            "range": 39,
            "attack": 34
        },
        {
            "x": 293,
            "y": 176,
            "hp": 115,
            "gold": 126,
            "exp": 143,
            "range": 41,
            "attack": 66
        },
        {
            "x": 334,
            "y": 179,
            "hp": 125,
            "gold": 128,
            "exp": 178,
            "range": 41,
            "attack": 90
        },
        {
            "x": 1539,
            "y": 23,
            "hp": 139,
            "gold": 131,
            "exp": 149,
            "range": 43,
            "attack": 57
        },
        {
            "x": 1491,
            "y": 66,
            "hp": 117,
            "gold": 124,
            "exp": 127,
            "range": 40,
            "attack": 18
        },
        {
            "x": 1452,
            "y": 20,
            "hp": 190,
            "gold": 131,
            "exp": 187,
            "range": 39,
            "attack": 21
        },
        {
            "x": 1497,
            "y": 0,
            "hp": 111,
            "gold": 129,
            "exp": 158,
            "range": 36,
            "attack": 56
        },
        {
            "x": 1946,
            "y": 464,
            "hp": 117,
            "gold": 123,
            "exp": 192,
            "range": 36,
            "attack": 81
        },
        {
            "x": 1924,
            "y": 502,
            "hp": 154,
            "gold": 124,
            "exp": 156,
            "range": 39,
            "attack": 52
        },
        {
            "x": 1880,
            "y": 501,
            "hp": 109,
            "gold": 124,
            "exp": 100,
            "range": 40,
            "attack": 12
        },
        {
            "x": 1859,
            "y": 462,
            "hp": 103,
            "gold": 126,
            "exp": 155,
            "range": 39,
            "attack": 92
        },
        {
            "x": 1884,
            "y": 423,
            "hp": 107,
            "gold": 127,
            "exp": 106,
            "range": 41,
            "attack": 74
        },
        {
            "x": 1927,
            "y": 427,
            "hp": 149,
            "gold": 121,
            "exp": 156,
            "range": 40,
            "attack": 91
        },
        {
            "x": 1737,
            "y": 555,
            "hp": 174,
            "gold": 124,
            "exp": 198,
            "range": 43,
            "attack": 2
        },
        {
            "x": 1693,
            "y": 596,
            "hp": 192,
            "gold": 131,
            "exp": 124,
            "range": 39,
            "attack": 42
        },
        {
            "x": 1650,
            "y": 549,
            "hp": 121,
            "gold": 124,
            "exp": 158,
            "range": 38,
            "attack": 39
        },
        {
            "x": 1698,
            "y": 509,
            "hp": 109,
            "gold": 132,
            "exp": 153,
            "range": 42,
            "attack": 33
        },
        {
            "x": 557,
            "y": 88,
            "hp": 149,
            "gold": 122,
            "exp": 175,
            "range": 35,
            "attack": 95
        },
        {
            "x": 524,
            "y": 130,
            "hp": 118,
            "gold": 122,
            "exp": 135,
            "range": 36,
            "attack": 77
        },
        {
            "x": 476,
            "y": 110,
            "hp": 102,
            "gold": 126,
            "exp": 161,
            "range": 39,
            "attack": 26
        },
        {
            "x": 478,
            "y": 61,
            "hp": 179,
            "gold": 121,
            "exp": 163,
            "range": 35,
            "attack": 28
        },
        {
            "x": 528,
            "y": 46,
            "hp": 104,
            "gold": 123,
            "exp": 199,
            "range": 44,
            "attack": 62
        },
        {
            "x": 1515,
            "y": 719,
            "hp": 155,
            "gold": 122,
            "exp": 184,
            "range": 43,
            "attack": 93
        },
        {
            "x": 1492,
            "y": 754,
            "hp": 116,
            "gold": 124,
            "exp": 172,
            "range": 36,
            "attack": 73
        },
        {
            "x": 1448,
            "y": 751,
            "hp": 116,
            "gold": 119,
            "exp": 112,
            "range": 35,
            "attack": 93
        },
        {
            "x": 1428,
            "y": 714,
            "hp": 162,
            "gold": 123,
            "exp": 168,
            "range": 42,
            "attack": 6
        },
        {
            "x": 1450,
            "y": 676,
            "hp": 135,
            "gold": 123,
            "exp": 137,
            "range": 34,
            "attack": 28
        },
        {
            "x": 1494,
            "y": 676,
            "hp": 161,
            "gold": 119,
            "exp": 169,
            "range": 46,
            "attack": 8
        },
        {
            "x": 1872,
            "y": 657,
            "hp": 198,
            "gold": 122,
            "exp": 181,
            "range": 39,
            "attack": 88
        },
        {
            "x": 1825,
            "y": 698,
            "hp": 160,
            "gold": 126,
            "exp": 162,
            "range": 39,
            "attack": 68
        },
        {
            "x": 1785,
            "y": 654,
            "hp": 194,
            "gold": 123,
            "exp": 135,
            "range": 34,
            "attack": 33
        },
        {
            "x": 1831,
            "y": 611,
            "hp": 123,
            "gold": 123,
            "exp": 193,
            "range": 41,
            "attack": 69
        },
        {
            "x": 881,
            "y": 206,
            "hp": 176,
            "gold": 120,
            "exp": 144,
            "range": 41,
            "attack": 61
        },
        {
            "x": 850,
            "y": 244,
            "hp": 113,
            "gold": 126,
            "exp": 188,
            "range": 42,
            "attack": 51
        },
        {
            "x": 801,
            "y": 227,
            "hp": 147,
            "gold": 126,
            "exp": 115,
            "range": 37,
            "attack": 92
        },
        {
            "x": 802,
            "y": 175,
            "hp": 114,
            "gold": 123,
            "exp": 104,
            "range": 34,
            "attack": 88
        },
        {
            "x": 853,
            "y": 160,
            "hp": 179,
            "gold": 124,
            "exp": 138,
            "range": 45,
            "attack": 63
        },
        {
            "x": 1281,
            "y": 178,
            "hp": 130,
            "gold": 128,
            "exp": 147,
            "range": 40,
            "attack": 61
        },
        {
            "x": 1236,
            "y": 221,
            "hp": 170,
            "gold": 122,
            "exp": 186,
            "range": 36,
            "attack": 19
        },
        {
            "x": 1192,
            "y": 172,
            "hp": 105,
            "gold": 125,
            "exp": 166,
            "range": 43,
            "attack": 23
        },
        {
            "x": 1241,
            "y": 132,
            "hp": 112,
            "gold": 127,
            "exp": 171,
            "range": 38,
            "attack": 93
        },
        {
            "x": 1987,
            "y": 742,
            "hp": 188,
            "gold": 127,
            "exp": 115,
            "range": 44,
            "attack": 45
        },
        {
            "x": 1942,
            "y": 777,
            "hp": 134,
            "gold": 124,
            "exp": 115,
            "range": 35,
            "attack": 37
        },
        {
            "x": 1898,
            "y": 738,
            "hp": 155,
            "gold": 124,
            "exp": 116,
            "range": 43,
            "attack": 71
        },
        {
            "x": 1944,
            "y": 696,
            "hp": 139,
            "gold": 124,
            "exp": 159,
            "range": 39,
            "attack": 80
        }
    ]
}