{
    "hero": {
        "base_speed": 3200,
        "base_power": 150,
        "base_range": 17,
        "level_speed_coeff": 1,
        "level_power_coeff": 8,
        "level_range_coeff": 2
    },
    "start_x": 485,
    "start_y": 434,
    "width": 777,
    "height": 777,
    "num_turns": 181,
    "monsters": [
        {
            "x": 645,
            "y": 709,
            "hp": 125,
            "gold": 126,
            "exp": 131,
            "range": 15,
            "attack": 44
        },
        {
            "x": 637,
            "y": 722,
            "hp": 140,
            "gold": 128,
            "exp": 103,
            "range": 12,
            "attack": 2
        },
        {
            "x": 622,
            "y": 721,
            "hp": 137,
            "gold": 119,
            "exp": 158,
            "range": 14,
            "attack": 36
        },
        {
            "x": 616,
            "y": 708,
            "hp": 158,
            "gold": 126,
            "exp": 176,
            "range": 15,
            "attack": 16
        },
        {
            "x": 624,
            "y": 695,
            "hp": 146,
            "gold": 125,
            "exp": 142,
            "range": 8,
            "attack": 20
        },
        {
            "x": 638,
            "y": 696,
            "hp": 155,
            "gold": 120,
            "exp": 142,
            "range": 12,
            "attack": 3
        },
        {
            "x": 641,
            "y": 269,
            "hp": 115,
            "gold": 129,
            "exp": 124,
            "range": 6,
            "attack": 49
        },
        {
            "x": 630,
            "y": 282,
            "hp": 138,
            "gold": 125,
            "exp": 177,
            "range": 9,
            "attack": 40
        },
        {
            "x": 614,
            "y": 276,
            "hp": 145,
            "gold": 130,
            "exp": 123,
            "range": 11,
            "attack": 22
        },
        {
            "x": 614,
            "y": 259,
            "hp": 110,
            "gold": 121,
            "exp": 105,
            "range": 12,
            "attack": 43
        },
        {
            "x": 631,
            "y": 253,
            "hp": 101,
            "gold": 122,
            "exp": 179,
            "range": 6,
            "attack": 26
        },
        {
            "x": 162,
            "y": 493,
            "hp": 159,
            "gold": 124,
            "exp": 193,
            "range": 7,
            "attack": 17
        },
        {
            "x": 152,
            "y": 507,
            "hp": 175,
            "gold": 123,
            "exp": 129,
            "range": 7,
            "attack": 41
        },
        {
            "x": 135,
            "y": 501,
            "hp": 148,
            "gold": 123,
            "exp": 197,
            "range": 15,
            "attack": 20
        },
        {
            "x": 136,
            "y": 483,
            "hp": 141,
            "gold": 126,
            "exp": 103,
            "range": 17,
            "attack": 49
        },
        {
            "x": 152,
            "y": 478,
            "hp": 160,
            "gold": 128,
            "exp": 136,
            "range": 10,
            "attack": 24
        },
        {
            "x": 291,
            "y": 235,
            "hp": 145,
            "gold": 118,
            "exp": 131,
            "range": 6,
            "attack": 36
        },
        {
            "x": 284,
            "y": 248,
            "hp": 163,
            "gold": 128,
            "exp": 199,
            "range": 15,
            "attack": 10
        },
        {
            "x": 269,
            "y": 247,
            "hp": 163,
            "gold": 124,
            "exp": 124,
            "range": 15,
            "attack": 33
        },
        {
            "x": 262,
            "y": 234,
            "hp": 160,
            "gold": 121,
            "exp": 151,
            "range": 12,
            "attack": 12
        },
        {
            "x": 270,
            "y": 221,
            "hp": 162,
            "gold": 127,
            "exp": 140,
            "range": 15,
            "attack": 48
        },
        {
            "x": 284,
            "y": 222,
            "hp": 128,
            "gold": 124,
            "exp": 117,
            "range": 11,
            "attack": 38
        },
        {
            "x": 88,
            "y": 462,
            "hp": 144,
            "gold": 126,
            "exp": 196,
            "range": 15,
            "attack": 43
        },
        {
            "x": 80,
            "y": 474,
            "hp": 150,
            "gold": 120,
            "exp": 183,
            "range": 5,
            "attack": 21
        },
        {
            "x": 66,
            "y": 473,
            "hp": 146,
            "gold": 122,
            "exp": 112,
            "range": 6,
            "attack": 7
        },
        {
            "x": 59,
            "y": 460,
            "hp": 114,
            "gold": 123,
            "exp": 107,
            "range": 15,
            "attack": 42
        },
        {
            "x": 67,
            "y": 447,
            "hp": 164,
            "gold": 124,
            "exp": 104,
            "range": 6,
            "attack": 16
        },
        {
            "x": 82,
            "y": 448,
            "hp": 138,
            "gold": 123,
            "exp": 179,
            "range": 9,
            "attack": 50
        },
        {
            "x": 38,
            "y": 352,
            "hp": 127,
            "gold": 122,
            "exp": 166,
            "range": 16,
            "attack": 45
        },
        {
            "x": 32,
            "y": 364,
            "hp": 148,
            "gold": 120,
            "exp": 152,
            "range": 8,
            "attack": 8
        },
        {
            "x": 18,
            "y": 367,
            "hp": 121,
            "gold": 118,
            "exp": 100,
            "range": 17,
            "attack": 21
        },
        {
            "x": 8,
            "y": 358,
            "hp": 150,
            "gold": 119,
            "exp": 129,
            "range": 17,
            "attack": 27
        },
        {
            "x": 9,
            "y": 344,
            "hp": 123,
            "gold": 126,
            "exp": 162,
            "range": 11,
            "attack": 47
        },
        {
            "x": 20,
            "y": 336,
            "hp": 153,
            "gold": 118,
            "exp": 178,
            "range": 7,
            "attack": 38
        },
        {
            "x": 33,
            "y": 339,
            "hp": 130,
            "gold": 120,
            "exp": 197,
            "range": 14,
            "attack": 13
        },
        {
            "x": 295,
            "y": 366,
            "hp": 157,
            "gold": 126,
            "exp": 121,
            "range": 14,
            "attack": 9
        },
        {
            "x": 287,
            "y": 380,
            "hp": 143,
            "gold": 125,
            "exp": 133,
            "range": 11,
            "attack": 5
        },
        {
            "x": 271,
            "y": 379,
            "hp": 134,
            "gold": 120,
            "exp": 164,
            "range": 9,
            "attack": 12
        },
        {
            "x": 264,
            "y": 365,
            "hp": 135,
            "gold": 121,
            "exp": 194,
            "range": 12,
            "attack": 41
        },
        {
            "x": 272,
            "y": 351,
            "hp": 146,
            "gold": 126,
            "exp": 100,
            "range": 8,
            "attack": 34
        },
        {
            "x": 288,
            "y": 352,
            "hp": 152,
            "gold": 119,
            "exp": 106,
            "range": 10,
            "attack": 29
        },
        {
            "x": 558,
            "y": 361,
            "hp": 118,
            "gold": 124,
            "exp": 148,
            "range": 15,
            "attack": 1
        },
        {
            "x": 549,
            "y": 375,
            "hp": 111,
            "gold": 124,
            "exp": 157,
            "range": 9,
            "attack": 18
        },
        {
            "x": 533,
            "y": 374,
            "hp": 125,
            "gold": 119,
            "exp": 193,
            "range": 7,
            "attack": 45
        },
        {
            "x": 527,
            "y": 360,
            "hp": 106,
            "gold": 118,
            "exp": 152,
            "range": 10,
            "attack": 16
        },
        {
            "x": 536,
            "y": 346,
            "hp": 105,
            "gold": 125,
            "exp": 163,
            "range": 8,
            "attack": 5
        },
        {
            "x": 552,
            "y": 347,
            "hp": 121,
            "gold": 126,
            "exp": 144,
            "range": 18,
            "attack": 8
        },
        {
            "x": 732,
            "y": 436,
            "hp": 126,
            "gold": 123,
            "exp": 180,
            "range": 18,
            "attack": 39
        },
        {
            "x": 720,
            "y": 450,
            "hp": 116,
            "gold": 124,
            "exp": 189,
            "range": 7,
            "attack": 46
        },
        {
            "x": 704,
            "y": 444,
            "hp": 167,
            "gold": 128,
            "exp": 132,
            "range": 13,
            "attack": 10
        },
        {
            "x": 704,
            "y": 425,
            "hp": 155,
            "gold": 121,
            "exp": 185,
            "range": 18,
            "attack": 2
        },
        {
            "x": 722,
            "y": 419,
            "hp": 100,
            "gold": 122,
            "exp": 157,
            "range": 11,
            "attack": 44
        },
        {
            "x": 89,
            "y": 71,
            "hp": 106,
            "gold": 123,
            "exp": 127,
            "range": 16,
            "attack": 16
        },
        {
            "x": 83,
            "y": 83,
            "hp": 112,
            "gold": 120,
            "exp": 162,
            "range": 9,
            "attack": 22
        },
        {
            "x": 70,
            "y": 85,
            "hp": 100,
            "gold": 121,
            "exp": 134,
            "range": 15,
            "attack": 50
        },
        {
            "x": 59,
            "y": 76,
            "hp": 102,
            "gold": 123,
            "exp": 197,
            "range": 10,
            "attack": 42
        },
        {
            "x": 60,
            "y": 61,
            "hp": 149,
            "gold": 123,
            "exp": 155,
            "range": 16,
            "attack": 25
        },
        {
            "x": 70,
            "y": 54,
            "hp": 134,
            "gold": 125,
            "exp": 175,
            "range": 9,
            "attack": 44
        },
        {
            "x": 84,
            "y": 57,
            "hp": 111,
            "gold": 126,
            "exp": 182,
            "range": 15,
            "attack": 44
        },
        {
            "x": 691,
            "y": 439,
            "hp": 101,
            "gold": 125,
            "exp": 127,
            "range": 10,
            "attack": 30
        },
        {
            "x": 674,
            "y": 454,
            "hp": 135,
            "gold": 122,
            "exp": 154,
            "range": 16,
            "attack": 46
        },
        {
            "x": 660,
            "y": 438,
            "hp": 105,
            "gold": 122,
            "exp": 148,
            "range": 7,
            "attack": 13
        },
        {
            "x": 677,
            "y": 423,
            "hp": 185,
            "gold": 125,
            "exp": 146,
            "range": 6,
            "attack": 2
        },
        {
            "x": 470,
            "y": 187,
            "hp": 167,
            "gold": 124,
            "exp": 149,
            "range": 8,
            "attack": 20
        },
        {
            "x": 459,
            "y": 203,
            "hp": 173,
            "gold": 127,
            "exp": 193,
            "range": 14,
            "attack": 28
        },
        {
            "x": 440,
            "y": 196,
            "hp": 110,
            "gold": 120,
            "exp": 133,
            "range": 12,
            "attack": 12
        },
        {
            "x": 440,
            "y": 176,
            "hp": 165,
            "gold": 126,
            "exp": 140,
            "range": 9,
            "attack": 44
        },
        {
            "x": 460,
            "y": 171,
            "hp": 109,
            "gold": 125,
            "exp": 182,
            "range": 17,
            "attack": 23
        },
        {
            "x": 273,
            "y": 401,
            "hp": 129,
            "gold": 128,
            "exp": 158,
            "range": 13,
            "attack": 38
        },
        {
            "x": 255,
            "y": 416,
            "hp": 114,
            "gold": 122,
            "exp": 185,
            "range": 9,
            "attack": 27
        },
        {
            "x": 240,
            "y": 399,
            "hp": 187,
            "gold": 126,
            "exp": 135,
            "range": 17,
            "attack": 5
        },
        {
            "x": 257,
            "y": 383,
            "hp": 126,
            "gold": 130,
            "exp": 169,
            "range": 19,
            "attack": 29
        },
        {
            "x": 383,
            "y": 436,
            "hp": 113,
            "gold": 130,
            "exp": 184,
            "range": 13,
            "attack": 43
        },
        {
            "x": 365,
            "y": 451,
            "hp": 166,
            "gold": 126,
            "exp": 132,
            "range": 12,
            "attack": 44
        },
        {
            "x": 350,
            "y": 434,
            "hp": 155,
            "gold": 125,
            "exp": 112,
            "range": 18,
            "attack": 3
        },
        {
            "x": 367,
            "y": 418,
            "hp": 160,
            "gold": 125,
            "exp": 195,
            "range": 7,
            "attack": 33
        },
        {
            "x": 644,
            "y": 496,
            "hp": 147,
            "gold": 122,
            "exp": 152,
            "range": 16,
            "attack": 30
        },
        {
            "x": 632,
            "y": 512,
            "hp": 112,
            "gold": 123,
            "exp": 188,
            "range": 15,
            "attack": 31
        },
        {
            "x": 613,
            "y": 504,
            "hp": 144,
            "gold": 125,
            "exp": 196,
            "range": 16,
            "attack": 43
        },
        {
            "x": 614,
            "y": 485,
            "hp": 141,
            "gold": 123,
            "exp": 189,
            "range": 15,
            "attack": 50
        },
        {
            "x": 633,
            "y": 479,
            "hp": 129,
            "gold": 123,
            "exp": 104,
            "range": 12,
            "attack": 31
        },
        {
            "x": 560,
            "y": 392,
            "hp": 191,
            "gold": 122,
            "exp": 196,
            "range": 19,
            "attack": 9
        },
        {
            "x": 543,
            "y": 408,
            "hp": 132,
            "gold": 123,
            "exp": 192,
            "range": 15,
            "attack": 9
        },
        {
            "x": 527,
            "y": 391,
            "hp": 195,
            "gold": 127,
            "exp": 156,
            "range": 17,
            "attack": 48
        },
        {
            "x": 544,
            "y": 375,
            "hp": 159,
            "gold": 124,
            "exp": 120,
            "range": 8,
            "attack": 29
        },
        {
            "x": 266,
            "y": 100,
            "hp": 197,
            "gold": 124,
            "exp": 123,
            "range": 15,
            "attack": 49
        },
        {
            "x": 249,
            "y": 115,
            "hp": 110,
            "gold": 128,
            "exp": 132,
            "range": 7,
            "attack": 13
        },
        {
            "x": 233,
            "y": 98,
            "hp": 124,
            "gold": 125,
            "exp": 185,
            "range": 19,
            "attack": 33
        },
        {
            "x": 250,
            "y": 82,
            "hp": 104,
            "gold": 127,
            "exp": 143,
            "range": 10,
            "attack": 6
        },
        {
            "x": 477,
            "y": 281,
            "hp": 141,
            "gold": 124,
            "exp": 119,
            "range": 8,
            "attack": 13
        },
        {
            "x": 470,
            "y": 294,
            "hp": 141,
            "gold": 123,
            "exp": 115,
            "range": 13,
            "attack": 44
        },
        {
            "x": 455,
            "y": 297,
            "hp": 156,
            "gold": 125,
            "exp": 116,
            "range": 9,
            "attack": 32
        },
        {
            "x": 445,
            "y": 288,
            "hp": 146,
            "gold": 121,
            "exp": 149,
            "range": 19,
            "attack": 15
        },
        {
            "x": 445,
            "y": 273,
            "hp": 112,
            "gold": 126,
            "exp": 175,
            "range": 10,
            "attack": 17
        },
        {
            "x": 458,
            "y": 264,
            "hp": 153,
            "gold": 122,
            "exp": 122,
            "range": 7,
            "attack": 17
        },
        {
            "x": 472,
            "y": 268,
            "hp": 130,
            "gold": 121,
            "exp": 125,
            "range": 19,
            "attack": 27
        },
        {
            "x": 355,
            "y": 499,
            "hp": 150,
            "gold": 123,
            "exp": 114,
            "range": 19,
            "attack": 20
        },
        {
            "x": 349,
            "y": 512,
            "hp": 119,
            "gold": 121,
            "exp": 171,
            "range": 16,
            "attack": 28
        },
        {
            "x": 334,
            "y": 515,
            "hp": 132,
            "gold": 118,
            "exp": 183,
            "range": 8,
            "attack": 28
        },
        {
            "x": 323,
            "y": 505,
            "hp": 110,
            "gold": 124,
            "exp": 122,
            "range": 15,
            "attack": 24
        },
        {
            "x": 323,
            "y": 491,
            "hp": 138,
            "gold": 124,
            "exp": 194,
            "range": 15,
            "attack": 19
        },
        {
            "x": 336,
            "y": 482,
            "hp": 144,
            "gold": 126,
            "exp": 180,
            "range": 15,
            "attack": 23
        },
        {
            "x": 350,
            "y": 486,
            "hp": 154,
            "gold": 120,
            "exp": 160,
            "range": 12,
            "attack": 44
        },
        {
            "x": 412,
            "y": 544,
            "hp": 169,
            "gold": 127,
            "exp": 197,
            "range": 15,
            "attack": 30
        },
        {
            "x": 401,
            "y": 560,
            "hp": 148,
            "gold": 125,
            "exp": 149,
            "range": 9,
            "attack": 2
        },
        {
            "x": 382,
            "y": 553,
            "hp": 124,
            "gold": 124,
            "exp": 183,
            "range": 14,
            "attack": 24
        },
        {
            "x": 383,
            "y": 532,
            "hp": 168,
            "gold": 124,
            "exp": 116,
            "range": 8,
            "attack": 18
        },
        {
            "x": 401,
            "y": 527,
            "hp": 160,
            "gold": 124,
            "exp": 171,
            "range": 11,
            "attack": 31
        },
        {
            "x": 220,
            "y": 51,
            "hp": 149,
            "gold": 122,
            "exp": 156,
            "range": 10,
            "attack": 7
        },
        {
            "x": 212,
            "y": 65,
            "hp": 100,
            "gold": 125,
            "exp": 175,
            "range": 13,
            "attack": 42
        },
        {
            "x": 194,
            "y": 65,
            "hp": 127,
            "gold": 124,
            "exp": 146,
            "range": 18,
            "attack": 24
        },
        {
            "x": 187,
            "y": 50,
            "hp": 120,
            "gold": 120,
            "exp": 169,
            "range": 17,
            "attack": 8
        },
        {
            "x": 196,
            "y": 35,
            "hp": 164,
            "gold": 119,
            "exp": 156,
            "range": 9,
            "attack": 9
        },
        {
            "x": 212,
            "y": 36,
            "hp": 146,
            "gold": 124,
            "exp": 148,
            "range": 13,
            "attack": 28
        },
        {
            "x": 327,
            "y": 767,
            "hp": 114,
            "gold": 123,
            "exp": 189,
            "range": 9,
            "attack": 46
        },
        {
            "x": 316,
            "y": 777,
            "hp": 137,
            "gold": 122,
            "exp": 153,
            "range": 12,
            "attack": 48
        },
        {
            "x": 297,
            "y": 775,
            "hp": 105,
            "gold": 121,
            "exp": 133,
            "range": 8,
            "attack": 40
        },
        {
            "x": 297,
            "y": 755,
            "hp": 117,
            "gold": 125,
            "exp": 147,
            "range": 17,
            "attack": 12
        },
        {
            "x": 316,
            "y": 750,
            "hp": 125,
            "gold": 128,
            "exp": 135,
            "range": 12,
            "attack": 35
        },
        {
            "x": 190,
            "y": 538,
            "hp": 119,
            "gold": 123,
            "exp": 111,
            "range": 8,
            "attack": 16
        },
        {
            "x": 183,
            "y": 552,
            "hp": 135,
            "gold": 120,
            "exp": 144,
            "range": 10,
            "attack": 23
        },
        {
            "x": 169,
            "y": 554,
            "hp": 132,
            "gold": 119,
            "exp": 123,
            "range": 10,
            "attack": 4
        },
        {
            "x": 158,
            "y": 544,
            "hp": 105,
            "gold": 119,
            "exp": 118,
            "range": 16,
            "attack": 48
        },
        {
            "x": 158,
            "y": 530,
            "hp": 131,
            "gold": 122,
            "exp": 196,
            "range": 13,
            "attack": 47
        },
        {
            "x": 170,
            "y": 521,
            "hp": 116,
            "gold": 126,
            "exp": 156,
            "range": 15,
            "attack": 32
        },
        {
            "x": 185,
            "y": 525,
            "hp": 117,
            "gold": 122,
            "exp": 158,
            "range": 13,
            "attack": 26
        },
        {
            "x": 561,
            "y": 670,
            "hp": 141,
            "gold": 125,
            "exp": 197,
            "range": 12,
            "attack": 50
        },
        {
            "x": 549,
            "y": 685,
            "hp": 172,
            "gold": 125,
            "exp": 136,
            "range": 15,
            "attack": 41
        },
        {
            "x": 531,
            "y": 678,
            "hp": 164,
            "gold": 122,
            "exp": 101,
            "range": 14,
            "attack": 5
        },
        {
            "x": 531,
            "y": 658,
            "hp": 124,
            "gold": 122,
            "exp": 162,
            "range": 15,
            "attack": 29
        },
        {
            "x": 550,
            "y": 652,
            "hp": 140,
            "gold": 128,
            "exp": 155,
            "range": 15,
            "attack": 41
        },
        {
            "x": 777,
            "y": 302,
            "hp": 132,
            "gold": 121,
            "exp": 185,
            "range": 17,
            "attack": 19
        },
        {
            "x": 776,
            "y": 315,
            "hp": 131,
            "gold": 125,
            "exp": 193,
            "range": 14,
            "attack": 41
        },
        {
            "x": 762,
            "y": 318,
            "hp": 114,
            "gold": 123,
            "exp": 188,
            "range": 18,
            "attack": 41
        },
        {
            "x": 750,
            "y": 308,
            "hp": 145,
            "gold": 126,
            "exp": 199,
            "range": 16,
            "attack": 44
        },
        {
            "x": 750,
            "y": 294,
            "hp": 149,
            "gold": 126,
            "exp": 198,
            "range": 12,
            "attack": 29
        },
        {
            "x": 762,
            "y": 285,
            "hp": 151,
            "gold": 121,
            "exp": 139,
            "range": 10,
            "attack": 3
        },
        {
            "x": 777,
            "y": 289,
            "hp": 118,
            "gold": 118,
            "exp": 183,
            "range": 9,
            "attack": 50
        },
        {
            "x": 125,
            "y": 373,
            "hp": 117,
            "gold": 120,
            "exp": 140,
            "range": 19,
            "attack": 1
        },
        {
            "x": 116,
            "y": 388,
            "hp": 166,
            "gold": 122,
            "exp": 140,
            "range": 9,
            "attack": 42
        },
        {
            "x": 98,
            "y": 387,
            "hp": 128,
            "gold": 128,
            "exp": 131,
            "range": 19,
            "attack": 48
        },
        {
            "x": 90,
            "y": 370,
            "hp": 125,
            "gold": 127,
            "exp": 104,
            "range": 11,
            "attack": 48
        },
        {
            "x": 100,
            "y": 355,
            "hp": 110,
            "gold": 119,
            "exp": 131,
            "range": 10,
            "attack": 4
        },
        {
            "x": 117,
            "y": 356,
            "hp": 150,
            "gold": 120,
            "exp": 154,
            "range": 20,
            "attack": 14
        },
        {
            "x": 390,
            "y": 161,
            "hp": 152,
            "gold": 126,
            "exp": 190,
            "range": 14,
            "attack": 2
        },
        {
            "x": 382,
            "y": 176,
            "hp": 126,
            "gold": 125,
            "exp": 192,
            "range": 19,
            "attack": 5
        },
        {
            "x": 368,
            "y": 178,
            "hp": 131,
            "gold": 120,
            "exp": 141,
            "range": 8,
            "attack": 24
        },
        {
            "x": 356,
            "y": 168,
            "hp": 154,
            "gold": 125,
            "exp": 184,
            "range": 19,
            "attack": 16
        },
        {
            "x": 357,
            "y": 152,
            "hp": 126,
            "gold": 124,
            "exp": 143,
            "range": 11,
            "attack": 36
        },
        {
            "x": 370,
            "y": 143,
            "hp": 108,
            "gold": 122,
            "exp": 150,
            "range": 12,
            "attack": 24
        },
        {
            "x": 384,
            "y": 147,
            "hp": 148,
            "gold": 126,
            "exp": 168,
            "range": 19,
            "attack": 32
        },
        {
            "x": 170,
            "y": 527,
            "hp": 135,
            "gold": 119,
            "exp": 114,
            "range": 15,
            "attack": 11
        },
        {
            "x": 161,
            "y": 542,
            "hp": 145,
            "gold": 127,
            "exp": 127,
            "range": 19,
            "attack": 20
        },
        {
            "x": 143,
            "y": 541,
            "hp": 147,
            "gold": 121,
            "exp": 113,
            "range": 15,
            "attack": 34
        },
        {
            "x": 135,
            "y": 524,
            "hp": 139,
            "gold": 125,
            "exp": 196,
            "range": 8,
            "attack": 5
        },
        {
            "x": 145,
            "y": 509,
            "hp": 104,
            "gold": 119,
            "exp": 174,
            "range": 16,
            "attack": 7
        },
        {
            "x": 163,
            "y": 511,
            "hp": 102,
            "gold": 126,
            "exp": 167,
            "range": 10,
            "attack": 42
        },
        {
            "x": 718,
            "y": 137,
            "hp": 155,
            "gold": 132,
            "exp": 150,
            "range": 10,
            "attack": 35
        },
        {
            "x": 700,
            "y": 154,
            "hp": 109,
            "gold": 122,
            "exp": 127,
            "range": 12,
            "attack": 23
        },
        {
            "x": 683,
            "y": 135,
            "hp": 153,
            "gold": 125,
            "exp": 126,
            "range": 20,
            "attack": 3
        },
        {
            "x": 701,
            "y": 119,
            "hp": 118,
            "gold": 130,
            "exp": 165,
            "range": 16,
            "attack": 43
        },
        {
            "x": 329,
            "y": 301,
            "hp": 116,
            "gold": 124,
            "exp": 186,
            "range": 8,
            "attack": 50
        },
        {
            "x": 322,
            "y": 314,
            "hp": 133,
            "gold": 124,
            "exp": 164,
            "range": 13,
            "attack": 2
        },
        {
            "x": 306,
            "y": 317,
            "hp": 141,
            "gold": 120,
            "exp": 148,
            "range": 8,
            "attack": 5
        },
        {
            "x": 295,
            "y": 306,
            "hp": 156,
            "gold": 118,
            "exp": 191,
            "range": 9,
            "attack": 34
        },
        {
            "x": 296,
            "y": 290,
            "hp": 152,
            "gold": 123,
            "exp": 153,
            "range": 14,
            "attack": 44
        },
        {
            "x": 308,
            "y": 282,
            "hp": 155,
            "gold": 124,
            "exp": 101,
            "range": 20,
            "attack": 25
        },
        {
            "x": 323,
            "y": 286,
            "hp": 151,
            "gold": 121,
            "exp": 158,
            "range": 15,
            "attack": 41
        },
        {
            "x": 364,
            "y": 682,
            "hp": 150,
            "gold": 119,
            "exp": 113,
            "range": 14,
            "attack": 48
        },
        {
            "x": 358,
            "y": 696,
            "hp": 154,
            "gold": 126,
            "exp": 149,
            "range": 15,
            "attack": 41
        },
        {
            "x": 342,
            "y": 699,
            "hp": 122,
            "gold": 120,
            "exp": 198,
            "range": 16,
            "attack": 45
        },
        {
            "x": 330,
            "y": 689,
            "hp": 113,
            "gold": 120,
            "exp": 134,
            "range": 15,
            "attack": 2
        },
        {
            "x": 330,
            "y": 673,
            "hp": 152,
            "gold": 126,
            "exp": 160,
            "range": 18,
            "attack": 35
        },
        {
            "x": 344,
            "y": 664,
            "hp": 151,
            "gold": 121,
            "exp": 165,
            "range": 14,
            "attack": 1
        },
        {
            "x": 358,
            "y": 668,
            "hp": 126,
            "gold": 118,
            "exp": 199,
            "range": 20,
            "attack": 8
        },
        {
            "x": 138,
            "y": 328,
            "hp": 104,
            "gold": 125,
            "exp": 105,
            "range": 20,
            "attack": 26
        },
        {
            "x": 130,
            "y": 343,
            "hp": 140,
            "gold": 119,
            "exp": 135,
            "range": 8,
            "attack": 21
        },
        {
            "x": 116,
            "y": 345,
            "hp": 150,
            "gold": 126,
            "exp": 115,
            "range": 17,
            "attack": 30
        },
        {
            "x": 104,
            "y": 335,
            "hp": 119,
            "gold": 121,
            "exp": 194,
            "range": 18,
            "attack": 31
        },
        {
            "x": 104,
            "y": 320,
            "hp": 134,
            "gold": 125,
            "exp": 128,
            "range": 13,
            "attack": 34
        },
        {
            "x": 118,
            "y": 310,
            "hp": 123,
            "gold": 120,
            "exp": 182,
            "range": 12,
            "attack": 15
        },
        {
            "x": 132,
            "y": 314,
            "hp": 126,
            "gold": 119,
            "exp": 176,
            "range": 12,
            "attack": 20
        },
        {
            "x": 682,
            "y": 91,
            "hp": 122,
            "gold": 122,
            "exp": 194,
            "range": 8,
            "attack": 2
        },
        {
            "x": 673,
            "y": 107,
            "hp": 106,
            "gold": 124,
            "exp": 129,
            "range": 14,
            "attack": 28
        },
        {
            "x": 655,
            "y": 106,
            "hp": 125,
            "gold": 126,
            "exp": 194,
            "range": 20,
            "attack": 14
        },
        {
            "x": 647,
            "y": 89,
            "hp": 136,
            "gold": 120,
            "exp": 108,
            "range": 11,
            "attack": 22
        },
        {
            "x": 657,
            "y": 74,
            "hp": 144,
            "gold": 123,
            "exp": 167,
            "range": 12,
            "attack": 44
        },
        {
            "x": 674,
            "y": 75,
            "hp": 134,
            "gold": 120,
            "exp": 158,
            "range": 16,
            "attack": 23
        },
        {
            "x": 466,
            "y": 167,
            "hp": 163,
            "gold": 127,
            "exp": 166,
            "range": 16,
            "attack": 28
        },
        {
            "x": 457,
            "y": 181,
            "hp": 129,
            "gold": 122,
            "exp": 185,
            "range": 13,
            "attack": 43
        },
        {
            "x": 439,
            "y": 181,
            "hp": 108,
            "gold": 125,
            "exp": 146,
            "range": 14,
            "attack": 42
        },
        {
            "x": 431,
            "y": 164,
            "hp": 118,
            "gold": 119,
            "exp": 111,
            "range": 9,
            "attack": 9
        },
        {
            "x": 441,
            "y": 149,
            "hp": 164,
            "gold": 125,
            "exp": 190,
            "range": 10,
            "attack": 42
        },
        {
            "x": 458,
            "y": 150,
            "hp": 128,
            "gold": 120,
            "exp": 160,
            "range": 8,
            "attack": 33
        },
        {
            "x": 259,
            "y": 225,
            "hp": 103,
            "gold": 127,
            "exp": 164,
            "range": 12,
            "attack": 45
        },
        {
            "x": 245,
            "y": 241,
            "hp": 123,
            "gold": 125,
            "exp": 165,
            "range": 20,
            "attack": 18
        },
        {
            "x": 226,
            "y": 233,
            "hp": 118,
            "gold": 125,
            "exp": 114,
            "range": 8,
            "attack": 49
        },
        {
            "x": 228,
            "y": 212,
            "hp": 112,
            "gold": 127,
            "exp": 136,
            "range": 13,
            "attack": 39
        },
        {
            "x": 248,
            "y": 207,
            "hp": 171,
            "gold": 130,
            "exp": 162,
            "range": 10,
            "attack": 50
        },
        {
            "x": 731,
            "y": 240,
            "hp": 110,
            "gold": 131,
            "exp": 118,
            "range": 18,
            "attack": 3
        },
        {
            "x": 712,
            "y": 257,
            "hp": 151,
            "gold": 127,
            "exp": 159,
            "range": 12,
            "attack": 21
        },
        {
            "x": 696,
            "y": 239,
            "hp": 195,
            "gold": 128,
            "exp": 181,
            "range": 15,
            "attack": 9
        },
        {
            "x": 715,
            "y": 222,
            "hp": 108,
            "gold": 127,
            "exp": 165,
            "range": 10,
            "attack": 28
        },
        {
            "x": 352,
            "y": 586,
            "hp": 116,
            "gold": 120,
            "exp": 172,
            "range": 15,
            "attack": 19
        },
        {
            "x": 345,
            "y": 599,
            "hp": 112,
            "gold": 118,
            "exp": 137,
            "range": 9,
            "attack": 40
        },
        {
            "x": 330,
            "y": 602,
            "hp": 156,
            "gold": 124,
            "exp": 111,
            "range": 18,
            "attack": 50
        },
        {
            "x": 318,
            "y": 592,
            "hp": 105,
            "gold": 120,
            "exp": 170,
            "range": 18,
            "attack": 14
        },
        {
            "x": 318,
            "y": 577,
            "hp": 149,
            "gold": 124,
            "exp": 187,
            "range": 17,
            "attack": 25
        },
        {
            "x": 332,
            "y": 567,
            "hp": 138,
            "gold": 124,
            "exp": 175,
            "range": 11,
            "attack": 26
        },
        {
            "x": 347,
            "y": 571,
            "hp": 105,
            "gold": 126,
            "exp": 191,
            "range": 8,
            "attack": 22
        },
        {
            "x": 282,
            "y": 625,
            "hp": 153,
            "gold": 126,
            "exp": 197,
            "range": 19,
            "attack": 21
        },
        {
            "x": 268,
            "y": 642,
            "hp": 129,
            "gold": 126,
            "exp": 101,
            "range": 19,
            "attack": 30
        },
        {
            "x": 249,
            "y": 634,
            "hp": 152,
            "gold": 125,
            "exp": 123,
            "range": 9,
            "attack": 31
        },
        {
            "x": 251,
            "y": 613,
            "hp": 150,
            "gold": 125,
            "exp": 155,
            "range": 18,
            "attack": 21
        },
        {
            "x": 270,
            "y": 607,
            "hp": 130,
            "gold": 124,
            "exp": 197,
            "range": 17,
            "attack": 1
        },
        {
            "x": 91,
            "y": 149,
            "hp": 119,
            "gold": 131,
            "exp": 148,
            "range": 10,
            "attack": 4
        },
        {
            "x": 73,
            "y": 165,
            "hp": 125,
            "gold": 123,
            "exp": 163,
            "range": 18,
            "attack": 17
        },
        {
            "x": 56,
            "y": 146,
            "hp": 160,
            "gold": 130,
            "exp": 199,
            "range": 8,
            "attack": 43
        },
        {
            "x": 74,
            "y": 130,
            "hp": 146,
            "gold": 124,
            "exp": 193,
            "range": 12,
            "attack": 34
        },
        {
            "x": 742,
            "y": 575,
            "hp": 102,
            "gold": 122,
            "exp": 170,
            "range": 14,
            "attack": 22
        },
        {
            "x": 729,
            "y": 591,
            "hp": 171,
            "gold": 128,
            "exp": 114,
            "range": 20,
            "attack": 48
        },
        {
            "x": 709,
            "y": 583,
            "hp": 162,
            "gold": 124,
            "exp": 103,
            "range": 15,
            "attack": 42
        },
        {
            "x": 711,
            "y": 562,
            "hp": 161,
            "gold": 122,
            "exp": 118,
            "range": 9,
            "attack": 38
        },
        {
            "x": 731,
            "y": 557,
            "hp": 124,
            "gold": 121,
            "exp": 192,
            "range": 18,
            "attack": 9
        },
        {
            "x": 693,
            "y": 249,
            "hp": 132,
            "gold": 123,
            "exp": 171,
            "range": 14,
            "attack": 22
        },
        {
            "x": 680,
            "y": 266,
            "hp": 162,
            "gold": 129,
            "exp": 165,
            "range": 9,
            "attack": 19
        },
        {
            "x": 661,
            "y": 259,
            "hp": 139,
            "gold": 126,
            "exp": 119,
            "range": 18,
            "attack": 9
        },
        {
            "x": 661,
            "y": 238,
            "hp": 145,
            "gold": 127,
            "exp": 190,
            "range": 9,
            "attack": 15
        },
        {
            "x": 682,
            "y": 232,
            "hp": 166,
            "gold": 121,
            "exp": 145,
            "range": 17,
            "attack": 40
        },
        {
            "x": 460,
            "y": 636,
            "hp": 143,
            "gold": 128,
            "exp": 190,
            "range": 9,
            "attack": 14
        },
        {
            "x": 448,
            "y": 653,
            "hp": 151,
            "gold": 123,
            "exp": 175,
            "range": 8,
            "attack": 7
        },
        {
            "x": 428,
            "y": 646,
            "hp": 103,
            "gold": 121,
            "exp": 153,
            "range": 19,
            "attack": 7
        },
        {
            "x": 428,
            "y": 624,
            "hp": 145,
            "gold": 129,
            "exp": 186,
            "range": 19,
            "attack": 41
        },
        {
            "x": 449,
            "y": 619,
            "hp": 161,
            "gold": 122,
            "exp": 175,
            "range": 14,
            "attack": 50
        }
    ]
}