{
    "hero": {
        "base_speed": 50,
        "base_power": 101,
        "base_range": 11,
        "level_speed_coeff": 1,
        "level_power_coeff": 100,
        "level_range_coeff": 100
    },
    "start_x": 0,
    "start_y": 250,
    "width": 3000,
    "height": 500,
    "num_turns": 420,
    "monsters": [
        {
            "x": 62,
            "y": 62,
            "hp": 100,
            "gold": 100,
            "exp": 30,
            "range": 10,
            "attack": 10
        },
        {
            "x": 124,
            "y": 62,
            "hp": 100,
            "gold": 101,
            "exp": 30,
            "range": 10,
            "attack": 10
        },
        {
            "x": 186,
            "y": 62,
            "hp": 100,
            "gold": 102,
            "exp": 30,
            "range": 10,
            "attack": 10
        },
        {
            "x": 248,
            "y": 62,
            "hp": 100,
            "gold": 103,
            "exp": 30,
            "range": 10,
            "attack": 10
        },
        {
            "x": 310,
            "y": 62,
            "hp": 100,
            "gold": 104,
            "exp": 30,
            "range": 10,
            "attack": 10
        },
        {
            "x": 372,
            "y": 62,
            "hp": 100,
            "gold": 105,
            "exp": 30,
            "range": 10,
            "attack": 10
        },
        {
            "x": 434,
            "y": 62,
            "hp": 100,
            "gold": 106,
            "exp": 30,
            "range": 10,
            "attack": 10
        },
        {
            "x": 62,
            "y": 124,
            "hp": 100,
            "gold": 110,
            "exp": 30,
            "range": 10,
            "attack": 10
        },
        {
            "x": 124,
            "y": 124,
            "hp": 100,
            "gold": 111,
            "exp": 30,
            "range": 10,
            "attack": 10
        },
        {
            "x": 186,
            "y": 124,
            "hp": 100,
            "gold": 112,
            "exp": 30,
            "range": 10,
            "attack": 10
        },
        {
            "x": 248,
            "y": 124,
            "hp": 100,
            "gold": 113,
            "exp": 30,
            "range": 10,
            "attack": 10
        },
        {
            "x": 310,
            "y": 124,
            "hp": 100,
            "gold": 114,
            "exp": 30,
            "range": 10,
            "attack": 10
        },
        {
            "x": 372,
            "y": 124,
            "hp": 100,
            "gold": 115,
            "exp": 30,
            "range": 10,
            "attack": 10
        },
        {
            "x": 434,
            "y": 124,
            "hp": 100,
            "gold": 116,
            "exp": 30,
            "range": 10,
            "attack": 10
        },
        {
            "x": 62,
            "y": 186,
            "hp": 100,
            "gold": 120,
            "exp": 30,
            "range": 10,
            "attack": 10
        },
        {
            "x": 124,
            "y": 186,
            "hp": 100,
            "gold": 121,
            "exp": 30,
            "range": 10,
            "attack": 10
        },
        {
            "x": 186,
            "y": 186,
            "hp": 100,
            "gold": 122,
            "exp": 30,
            "range": 10,
            "attack": 10
        },
        {
            "x": 248,
            "y": 186,
            "hp": 100,
            "gold": 123,
            "exp": 30,
            "range": 10,
            "attack": 10
        },
        {
            "x": 310,
            "y": 186,
            "hp": 100,
            "gold": 124,
            "exp": 30,
            "range": 10,
            "attack": 10
        },
        {
            "x": 372,
            "y": 186,
            "hp": 100,
            "gold": 125,
            "exp": 30,
            "range": 10,
            "attack": 10
        },
        {
            "x": 434,
            "y": 186,
            "hp": 100,
            "gold": 126,
            "exp": 30,
            "range": 10,
            "attack": 10
        },
        {
            "x": 62,
            "y": 248,
            "hp": 100,
            "gold": 130,
            "exp": 30,
            "range": 10,
            "attack": 10
        },
        {
            "x": 124,
            "y": 248,
            "hp": 100,
            "gold": 131,
            "exp": 30,
            "range": 10,
            "attack": 10
        },
        {
            "x": 186,
            "y": 248,
            "hp": 100,
            "gold": 132,
            "exp": 30,
            "range": 10,
            "attack": 10
        },
        {
            "x": 248,
            "y": 248,
            "hp": 100,
            "gold": 133,
            "exp": 30,
            "range": 10,
            "attack": 10
        },
        {
            "x": 310,
            "y": 248,
            "hp": 100,
            "gold": 134,
            "exp": 30,
            "range": 10,
            "attack": 10
        },
        {
            "x": 372,
            "y": 248,
            "hp": 100,
            "gold": 135,
            "exp": 30,
            "range": 10,
            "attack": 10
        },
        {
            "x": 434,
            "y": 248,
            "hp": 100,
            "gold": 136,
            "exp": 30,
            "range": 10,
            "attack": 10
        },
        {
            "x": 62,
            "y": 310,
            "hp": 100,
            "gold": 140,
            "exp": 30,
            "range": 10,
            "attack": 10
        },
        {
            "x": 124,
            "y": 310,
            "hp": 100,
            "gold": 141,
            "exp": 30,
            "range": 10,
            "attack": 10
        },
        {
            "x": 186,
            "y": 310,
            "hp": 100,
            "gold": 142,
            "exp": 30,
            "range": 10,
            "attack": 10
        },
        {
            "x": 248,
            "y": 310,
            "hp": 100,
            "gold": 143,
            "exp": 30,
            "range": 10,
            "attack": 10
        },
        {
            "x": 310,
            "y": 310,
            "hp": 100,
            "gold": 144,
            "exp": 30,
            "range": 10,
            "attack": 10
        },
        {
            "x": 372,
            "y": 310,
            "hp": 100,
            "gold": 145,
            "exp": 30,
            "range": 10,
            "attack": 10
        },
        {
            "x": 434,
            "y": 310,
            "hp": 100,
            "gold": 146,
            "exp": 30,
            "range": 10,
            "attack": 10
        },
        {
            "x": 62,
            "y": 372,
            "hp": 100,
            "gold": 150,
            "exp": 30,
            "range": 10,
            "attack": 10
        },
        {
            "x": 124,
            "y": 372,
            "hp": 100,
            "gold": 151,
            "exp": 30,
            "range": 10,
            "attack": 10
        },
        {
            "x": 186,
            "y": 372,
            "hp": 100,
            "gold": 152,
            "exp": 30,
            "range": 10,
            "attack": 10
        },
        {
            "x": 248,
            "y": 372,
            "hp": 100,
            "gold": 153,
            "exp": 30,
            "range": 10,
            "attack": 10
        },
        {
            "x": 310,
            "y": 372,
            "hp": 100,
            "gold": 154,
            "exp": 30,
            "range": 10,
            "attack": 10
        },
        {
            "x": 372,
            "y": 372,
            "hp": 100,
            "gold": 155,
            "exp": 30,
            "range": 10,
            "attack": 10
        },
        {
            "x": 434,
            "y": 372,
            "hp": 100,
            "gold": 156,
            "exp": 30,
            "range": 10,
            "attack": 10
        },
        {
            "x": 62,
            "y": 434,
            "hp": 100,
            "gold": 160,
            "exp": 30,
            "range": 10,
            "attack": 10
        },
        {
            "x": 124,
            "y": 434,
            "hp": 100,
            "gold": 161,
            "exp": 30,
            "range": 10,
            "attack": 10
        },
        {
            "x": 186,
            "y": 434,
            "hp": 100,
            "gold": 162,
            "exp": 30,
            "range": 10,
            "attack": 10
        },
        {
            "x": 248,
            "y": 434,
            "hp": 100,
            "gold": 163,
            "exp": 30,
            "range": 10,
            "attack": 10
        },
        {
            "x": 310,
            "y": 434,
            "hp": 100,
            "gold": 164,
            "exp": 30,
            "range": 10,
            "attack": 10
        },
        {
            "x": 372,
            "y": 434,
            "hp": 100,
            "gold": 165,
            "exp": 30,
            "range": 10,
            "attack": 10
        },
        {
            "x": 434,
            "y": 434,
            "hp": 100,
            "gold": 166,
            "exp": 30,
            "range": 10,
            "attack": 10
        },
        {
            "x": 662,
            "y": 62,
            "hp": 200,
            "gold": 282,
            "exp": 30,
            "range": 20,
            "attack": 20
        },
        {
            "x": 724,
            "y": 62,
            "hp": 200,
            "gold": 283,
            "exp": 30,
            "range": 20,
            "attack": 20
        },
        {
            "x": 786,
            "y": 62,
            "hp": 200,
            "gold": 284,
            "exp": 30,
            "range": 20,
            "attack": 20
        },
        {
            "x": 848,
            "y": 62,
            "hp": 200,
            "gold": 285,
            "exp": 30,
            "range": 20,
            "attack": 20
        },
        {
            "x": 910,
            "y": 62,
            "hp": 200,
            "gold": 286,
            "exp": 30,
            "range": 20,
            "attack": 20
        },
        {
            "x": 972,
            "y": 62,
            "hp": 200,
            "gold": 287,
            "exp": 30,
            "range": 20,
            "attack": 20
        },
        {
            "x": 1034,
            "y": 62,
            "hp": 200,
            "gold": 288,
            "exp": 30,
            "range": 20,
            "attack": 20
        },
        {
            "x": 662,
            "y": 124,
            "hp": 200,
            "gold": 292,
            "exp": 30,
            "range": 20,
            "attack": 20
        },
        {
            "x": 724,
            "y": 124,
            "hp": 200,
            "gold": 293,
            "exp": 30,
            "range": 20,
            "attack": 20
        },
        {
            "x": 786,
            "y": 124,
            "hp": 200,
            "gold": 294,
            "exp": 30,
            "range": 20,
            "attack": 20
        },
        {
            "x": 848,
            "y": 124,
            "hp": 200,
            "gold": 295,
            "exp": 30,
            "range": 20,
            "attack": 20
        },
        {
            "x": 910,
            "y": 124,
            "hp": 200,
            "gold": 296,
            "exp": 30,
            "range": 20,
            "attack": 20
        },
        {
            "x": 972,
            "y": 124,
            "hp": 200,
            "gold": 297,
            "exp": 30,
            "range": 20,
            "attack": 20
        },
        {
            "x": 1034,
            "y": 124,
            "hp": 200,
            "gold": 298,
            "exp": 30,
            "range": 20,
            "attack": 20
        },
        {
            "x": 662,
            "y": 186,
            "hp": 200,
            "gold": 302,
            "exp": 30,
            "range": 20,
            "attack": 20
        },
        {
            "x": 724,
            "y": 186,
            "hp": 200,
            "gold": 303,
            "exp": 30,
            "range": 20,
            "attack": 20
        },
        {
            "x": 786,
            "y": 186,
            "hp": 200,
            "gold": 304,
            "exp": 30,
            "range": 20,
            "attack": 20
        },
        {
            "x": 848,
            "y": 186,
            "hp": 200,
            "gold": 305,
            "exp": 30,
            "range": 20,
            "attack": 20
        },
        {
            "x": 910,
            "y": 186,
            "hp": 200,
            "gold": 306,
            "exp": 30,
            "range": 20,
            "attack": 20
        },
        {
            "x": 972,
            "y": 186,
            "hp": 200,
            "gold": 307,
            "exp": 30,
            "range": 20,
            "attack": 20
        },
        {
            "x": 1034,
            "y": 186,
            "hp": 200,
            "gold": 308,
            "exp": 30,
            "range": 20,
            "attack": 20
        },
        {
            "x": 662,
            "y": 248,
            "hp": 200,
            "gold": 312,
            "exp": 30,
            "range": 20,
            "attack": 20
        },
        {
            "x": 724,
            "y": 248,
            "hp": 200,
            "gold": 313,
            "exp": 30,
            "range": 20,
            "attack": 20
        },
        {
            "x": 786,
            "y": 248,
            "hp": 200,
            "gold": 314,
            "exp": 30,
            "range": 20,
            "attack": 20
        },
        {
            "x": 848,
            "y": 248,
            "hp": 200,
            "gold": 315,
            "exp": 30,
            "range": 20,
            "attack": 20
        },
        {
            "x": 910,
            "y": 248,
            "hp": 200,
            "gold": 316,
            "exp": 30,
            "range": 20,
            "attack": 20
        },
        {
            "x": 972,
            "y": 248,
            "hp": 200,
            "gold": 317,
            "exp": 30,
            "range": 20,
            "attack": 20
        },
        {
            "x": 1034,
            "y": 248,
            "hp": 200,
            "gold": 318,
            "exp": 30,
            "range": 20,
            "attack": 20
        },
        {
            "x": 662,
            "y": 310,
            "hp": 200,
            "gold": 322,
            "exp": 30,
            "range": 20,
            "attack": 20
        },
        {
            "x": 724,
            "y": 310,
            "hp": 200,
            "gold": 323,
            "exp": 30,
            "range": 20,
            "attack": 20
        },
        {
            "x": 786,
            "y": 310,
            "hp": 200,
            "gold": 324,
            "exp": 30,
            "range": 20,
            "attack": 20
        },
        {
            "x": 848,
            "y": 310,
            "hp": 200,
            "gold": 325,
            "exp": 30,
            "range": 20,
            "attack": 20
        },
        {
            "x": 910,
            "y": 310,
            "hp": 200,
            "gold": 326,
            "exp": 30,
            "range": 20,
            "attack": 20
        },
        {
            "x": 972,
            "y": 310,
            "hp": 200,
            "gold": 327,
            "exp": 30,
            "range": 20,
            "attack": 20
        },
        {
            "x": 1034,
            "y": 310,
            "hp": 200,
            "gold": 328,
            "exp": 30,
            "range": 20,
            "attack": 20
        },
        {
            "x": 662,
            "y": 372,
            "hp": 200,
            "gold": 332,
            "exp": 30,
            "range": 20,
            "attack": 20
        },
        {
            "x": 724,
            "y": 372,
            "hp": 200,
            "gold": 333,
            "exp": 30,
            "range": 20,
            "attack": 20
        },
        {
            "x": 786,
            "y": 372,
            "hp": 200,
            "gold": 334,
            "exp": 30,
            "range": 20,
            "attack": 20
        },
        {
            "x": 848,
            "y": 372,
            "hp": 200,
            "gold": 335,
            "exp": 30,
            "range": 20,
            "attack": 20
        },
        {
            "x": 910,
            "y": 372,
            "hp": 200,
            "gold": 336,
            "exp": 30,
            "range": 20,
            "attack": 20
        },
        {
            "x": 972,
            "y": 372,
            "hp": 200,
            "gold": 337,
            "exp": 30,
            "range": 20,
            "attack": 20
        },
        {
            "x": 1034,
            "y": 372,
            "hp": 200,
            "gold": 338,
            "exp": 30,
            "range": 20,
            "attack": 20
        },
        {
            "x": 662,
            "y": 434,
            "hp": 200,
            "gold": 342,
            "exp": 30,
            "range": 20,
            "attack": 20
        },
        {
            "x": 724,
            "y": 434,
            "hp": 200,
            "gold": 343,
            "exp": 30,
            "range": 20,
            "attack": 20
        },
        {
            "x": 786,
            "y": 434,
            "hp": 200,
            "gold": 344,
            "exp": 30,
            "range": 20,
            "attack": 20
        },
        {
            "x": 848,
            "y": 434,
            "hp": 200,
            "gold": 345,
            "exp": 30,
            "range": 20,
            "attack": 20
        },
        {
            "x": 910,
            "y": 434,
            "hp": 200,
            "gold": 346,
            "exp": 30,
            "range": 20,
            "attack": 20
        },
        {
            "x": 972,
            "y": 434,
            "hp": 200,
            "gold": 347,
            "exp": 30,
            "range": 20,
            "attack": 20
        },
        {
            "x": 1034,
            "y": 434,
            "hp": 200,
            "gold": 348,
            "exp": 30,
            "range": 20,
            "attack": 20
        },
        {
            "x": 1262,
            "y": 62,
            "hp": 300,
            "gold": 519,
            "exp": 30,
            "range": 30,
            "attack": 30
        },
        {
            "x": 1324,
            "y": 62,
            "hp": 300,
            "gold": 520,
            "exp": 30,
            "range": 30,
            "attack": 30
        },
        {
            "x": 1386,
            "y": 62,
            "hp": 300,
            "gold": 521,
            "exp": 30,
            "range": 30,
            "attack": 30
        },
        {
            "x": 1448,
            "y": 62,
            "hp": 300,
            "gold": 522,
            "exp": 30,
            "range": 30,
            "attack": 30
        },
        {
            "x": 1510,
            "y": 62,
            "hp": 300,
            "gold": 523,
            "exp": 30,
            "range": 30,
            "attack": 30
        },
        {
            "x": 1572,
            "y": 62,
            "hp": 300,
            "gold": 524,
            "exp": 30,
            "range": 30,
            "attack": 30
        },
        {
            "x": 1634,
            "y": 62,
            "hp": 300,
            "gold": 525,
            "exp": 30,
            "range": 30,
            "attack": 30
        },
        {
            "x": 1262,
            "y": 124,
            "hp": 300,
            "gold": 529,
            "exp": 30,
            "range": 30,
            "attack": 30
        },
        {
            "x": 1324,
            "y": 124,
            "hp": 300,
            "gold": 530,
            "exp": 30,
            "range": 30,
            "attack": 30
        },
        {
            "x": 1386,
            "y": 124,
            "hp": 300,
            "gold": 531,
            "exp": 30,
            "range": 30,
            "attack": 30
        },
        {
            "x": 1448,
            "y": 124,
            "hp": 300,
            "gold": 532,
            "exp": 30,
            "range": 30,
            "attack": 30
        },
        {
            "x": 1510,
            "y": 124,
            "hp": 300,
            "gold": 533,
            "exp": 30,
            "range": 30,
            "attack": 30
        },
        {
            "x": 1572,
            "y": 124,
            "hp": 300,
            "gold": 534,
            "exp": 30,
            "range": 30,
            "attack": 30
        },
        {
            "x": 1634,
            "y": 124,
            "hp": 300,
            "gold": 535,
            "exp": 30,
            "range": 30,
            "attack": 30
        },
        {
            "x": 1262,
            "y": 186,
            "hp": 300,
            "gold": 539,
            "exp": 30,
            "range": 30,
            "attack": 30
        },
        {
            "x": 1324,
            "y": 186,
            "hp": 300,
            "gold": 540,
            "exp": 30,
            "range": 30,
            "attack": 30
        },
        {
            "x": 1386,
            "y": 186,
            "hp": 300,
            "gold": 541,
            "exp": 30,
            "range": 30,
            "attack": 30
        },
        {
            "x": 1448,
            "y": 186,
            "hp": 300,
            "gold": 542,
            "exp": 30,
            "range": 30,
            "attack": 30
        },
        {
            "x": 1510,
            "y": 186,
            "hp": 300,
            "gold": 543,
            "exp": 30,
            "range": 30,
            "attack": 30
        },
        {
            "x": 1572,
            "y": 186,
            "hp": 300,
            "gold": 544,
            "exp": 30,
            "range": 30,
            "attack": 30
        },
        {
            "x": 1634,
            "y": 186,
            "hp": 300,
            "gold": 545,
            "exp": 30,
            "range": 30,
            "attack": 30
        },
        {
            "x": 1262,
            "y": 248,
            "hp": 300,
            "gold": 549,
            "exp": 30,
            "range": 30,
            "attack": 30
        },
        {
            "x": 1324,
            "y": 248,
            "hp": 300,
            "gold": 550,
            "exp": 30,
            "range": 30,
            "attack": 30
        },
        {
            "x": 1386,
            "y": 248,
            "hp": 300,
            "gold": 551,
            "exp": 30,
            "range": 30,
            "attack": 30
        },
        {
            "x": 1448,
            "y": 248,
            "hp": 300,
            "gold": 552,
            "exp": 30,
            "range": 30,
            "attack": 30
        },
        {
            "x": 1510,
            "y": 248,
            "hp": 300,
            "gold": 553,
            "exp": 30,
            "range": 30,
            "attack": 30
        },
        {
            "x": 1572,
            "y": 248,
            "hp": 300,
            "gold": 554,
            "exp": 30,
            "range": 30,
            "attack": 30
        },
        {
            "x": 1634,
            "y": 248,
            "hp": 300,
            "gold": 555,
            "exp": 30,
            "range": 30,
            "attack": 30
        },
        {
            "x": 1262,
            "y": 310,
            "hp": 300,
            "gold": 559,
            "exp": 30,
            "range": 30,
            "attack": 30
        },
        {
            "x": 1324,
            "y": 310,
            "hp": 300,
            "gold": 560,
            "exp": 30,
            "range": 30,
            "attack": 30
        },
        {
            "x": 1386,
            "y": 310,
            "hp": 300,
            "gold": 561,
            "exp": 30,
            "range": 30,
            "attack": 30
        },
        {
            "x": 1448,
            "y": 310,
            "hp": 300,
            "gold": 562,
            "exp": 30,
            "range": 30,
            "attack": 30
        },
        {
            "x": 1510,
            "y": 310,
            "hp": 300,
            "gold": 563,
            "exp": 30,
            "range": 30,
            "attack": 30
        },
        {
            "x": 1572,
            "y": 310,
            "hp": 300,
            "gold": 564,
            "exp": 30,
            "range": 30,
            "attack": 30
        },
        {
            "x": 1634,
            "y": 310,
            "hp": 300,
            "gold": 565,
            "exp": 30,
            "range": 30,
            "attack": 30
        },
        {
            "x": 1262,
            "y": 372,
            "hp": 300,
            "gold": 569,
            "exp": 30,
            "range": 30,
            "attack": 30
        },
        {
            "x": 1324,
            "y": 372,
            "hp": 300,
            "gold": 570,
            "exp": 30,
            "range": 30,
            "attack": 30
        },
        {
            "x": 1386,
            "y": 372,
            "hp": 300,
            "gold": 571,
            "exp": 30,
            "range": 30,
            "attack": 30
        },
        {
            "x": 1448,
            "y": 372,
            "hp": 300,
            "gold": 572,
            "exp": 30,
            "range": 30,
            "attack": 30
        },
        {
            "x": 1510,
            "y": 372,
            "hp": 300,
            "gold": 573,
            "exp": 30,
            "range": 30,
            "attack": 30
        },
        {
            "x": 1572,
            "y": 372,
            "hp": 300,
            "gold": 574,
            "exp": 30,
            "range": 30,
            "attack": 30
        },
        {
            "x": 1634,
            "y": 372,
            "hp": 300,
            "gold": 575,
            "exp": 30,
            "range": 30,
            "attack": 30
        },
        {
            "x": 1262,
            "y": 434,
            "hp": 300,
            "gold": 579,
            "exp": 30,
            "range": 30,
            "attack": 30
        },
        {
            "x": 1324,
            "y": 434,
            "hp": 300,
            "gold": 580,
            "exp": 30,
            "range": 30,
            "attack": 30
        },
        {
            "x": 1386,
            "y": 434,
            "hp": 300,
            "gold": 581,
            "exp": 30,
            "range": 30,
            "attack": 30
        },
        {
            "x": 1448,
            "y": 434,
            "hp": 300,
            "gold": 582,
            "exp": 30,
            "range": 30,
            "attack": 30
        },
        {
            "x": 1510,
            "y": 434,
            "hp": 300,
            "gold": 583,
            "exp": 30,
            "range": 30,
            "attack": 30
        },
        {
            "x": 1572,
            "y": 434,
            "hp": 300,
            "gold": 584,
            "exp": 30,
            "range": 30,
            "attack": 30
        },
        {
            "x": 1634,
            "y": 434,
            "hp": 300,
            "gold": 585,
            "exp": 30,
            "range": 30,
            "attack": 30
        },
        {
            "x": 1862,
            "y": 62,
            "hp": 400,
            "gold": 800,
            "exp": 30,
            "range": 40,
            "attack": 40
        },
        {
            "x": 1924,
            "y": 62,
            "hp": 400,
            "gold": 801,
            "exp": 30,
            "range": 40,
            "attack": 40
        },
        {
            "x": 1986,
            "y": 62,
            "hp": 400,
            "gold": 802,
            "exp": 30,
            "range": 40,
            "attack": 40
        },
        {
            "x": 2048,
            "y": 62,
            "hp": 400,
            "gold": 803,
            "exp": 30,
            "range": 40,
            "attack": 40
        },
        {
            "x": 2110,
            "y": 62,
            "hp": 400,
            "gold": 804,
            "exp": 30,
            "range": 40,
            "attack": 40
        },
        {
            "x": 2172,
            "y": 62,
            "hp": 400,
            "gold": 805,
            "exp": 30,
            "range": 40,
            "attack": 40
        },
        {
            "x": 2234,
            "y": 62,
            "hp": 400,
            "gold": 806,
            "exp": 30,
            "range": 40,
            "attack": 40
        },
        {
            "x": 1862,
            "y": 124,
            "hp": 400,
            "gold": 810,
            "exp": 30,
            "range": 40,
            "attack": 40
        },
        {
            "x": 1924,
            "y": 124,
            "hp": 400,
            "gold": 811,
            "exp": 30,
            "range": 40,
            "attack": 40
        },
        {
            "x": 1986,
            "y": 124,
            "hp": 400,
            "gold": 812,
            "exp": 30,
            "range": 40,
            "attack": 40
        },
        {
            "x": 2048,
            "y": 124,
            "hp": 400,
            "gold": 813,
            "exp": 30,
            "range": 40,
            "attack": 40
        },
        {
            "x": 2110,
            "y": 124,
            "hp": 400,
            "gold": 814,
            "exp": 30,
            "range": 40,
            "attack": 40
        },
        {
            "x": 2172,
            "y": 124,
            "hp": 400,
            "gold": 815,
            "exp": 30,
            "range": 40,
            "attack": 40
        },
        {
            "x": 2234,
            "y": 124,
            "hp": 400,
            "gold": 816,
            "exp": 30,
            "range": 40,
            "attack": 40
        },
        {
            "x": 1862,
            "y": 186,
            "hp": 400,
            "gold": 820,
            "exp": 30,
            "range": 40,
            "attack": 40
        },
        {
            "x": 1924,
            "y": 186,
            "hp": 400,
            "gold": 821,
            "exp": 30,
            "range": 40,
            "attack": 40
        },
        {
            "x": 1986,
            "y": 186,
            "hp": 400,
            "gold": 822,
            "exp": 30,
            "range": 40,
            "attack": 40
        },
        {
            "x": 2048,
            "y": 186,
            "hp": 400,
            "gold": 823,
            "exp": 30,
            "range": 40,
            "attack": 40
        },
        {
            "x": 2110,
            "y": 186,
            "hp": 400,
            "gold": 824,
            "exp": 30,
            "range": 40,
            "attack": 40
        },
        {
            "x": 2172,
            "y": 186,
            "hp": 400,
            "gold": 825,
            "exp": 30,
            "range": 40,
            "attack": 40
        },
        {
            "x": 2234,
            "y": 186,
            "hp": 400,
            "gold": 826,
            "exp": 30,
            "range": 40,
            "attack": 40
        },
        {
            "x": 1862,
            "y": 248,
            "hp": 400,
            "gold": 830,
            "exp": 30,
            "range": 40,
            "attack": 40
        },
        {
            "x": 1924,
            "y": 248,
            "hp": 400,
            "gold": 831,
            "exp": 30,
            "range": 40,
            "attack": 40
        },
        {
            "x": 1986,
            "y": 248,
            "hp": 400,
            "gold": 832,
            "exp": 30,
            "range": 40,
            "attack": 40
        },
        {
            "x": 2048,
            "y": 248,
            "hp": 400,
            "gold": 833,
            "exp": 30,
            "range": 40,
            "attack": 40
        },
        {
            "x": 2110,
            "y": 248,
            "hp": 400,
            "gold": 834,
            "exp": 30,
            "range": 40,
            "attack": 40
        },
        {
            "x": 2172,
            "y": 248,
            "hp": 400,
            "gold": 835,
            "exp": 30,
            "range": 40,
            "attack": 40
        },
        {
            "x": 2234,
            "y": 248,
            "hp": 400,
            "gold": 836,
            "exp": 30,
            "range": 40,
            "attack": 40
        },
        {
            "x": 1862,
            "y": 310,
            "hp": 400,
            "gold": 840,
            "exp": 30,
            "range": 40,
            "attack": 40
        },
        {
            "x": 1924,
            "y": 310,
            "hp": 400,
            "gold": 841,
            "exp": 30,
            "range": 40,
            "attack": 40
        },
        {
            "x": 1986,
            "y": 310,
            "hp": 400,
            "gold": 842,
            "exp": 30,
            "range": 40,
            "attack": 40
        },
        {
            "x": 2048,
            "y": 310,
            "hp": 400,
            "gold": 843,
            "exp": 30,
            "range": 40,
            "attack": 40
        },
        {
            "x": 2110,
            "y": 310,
            "hp": 400,
            "gold": 844,
            "exp": 30,
            "range": 40,
            "attack": 40
        },
        {
            "x": 2172,
            "y": 310,
            "hp": 400,
            "gold": 845,
            "exp": 30,
            "range": 40,
            "attack": 40
        },
        {
            "x": 2234,
            "y": 310,
            "hp": 400,
            "gold": 846,
            "exp": 30,
            "range": 40,
            "attack": 40
        },
        {
            "x": 1862,
            "y": 372,
            "hp": 400,
            "gold": 850,
            "exp": 30,
            "range": 40,
            "attack": 40
        },
        {
            "x": 1924,
            "y": 372,
            "hp": 400,
            "gold": 851,
            "exp": 30,
            "range": 40,
            "attack": 40
        },
        {
            "x": 1986,
            "y": 372,
            "hp": 400,
            "gold": 852,
            "exp": 30,
            "range": 40,
            "attack": 40
        },
        {
            "x": 2048,
            "y": 372,
            "hp": 400,
            "gold": 853,
            "exp": 30,
            "range": 40,
            "attack": 40
        },
        {
            "x": 2110,
            "y": 372,
            "hp": 400,
            "gold": 854,
            "exp": 30,
            "range": 40,
            "attack": 40
        },
        {
            "x": 2172,
            "y": 372,
            "hp": 400,
            "gold": 855,
            "exp": 30,
            "range": 40,
            "attack": 40
        },
        {
            "x": 2234,
            "y": 372,
            "hp": 400,
            "gold": 856,
            "exp": 30,
            "range": 40,
            "attack": 40
        },
        {
            "x": 1862,
            "y": 434,
            "hp": 400,
            "gold": 860,
            "exp": 30,
            "range": 40,
            "attack": 40
        },
        {
            "x": 1924,
            "y": 434,
            "hp": 400,
            "gold": 861,
            "exp": 30,
            "range": 40,
            "attack": 40
        },
        {
            "x": 1986,
            "y": 434,
            "hp": 400,
            "gold": 862,
            "exp": 30,
            "range": 40,
            "attack": 40
        },
        {
            "x": 2048,
            "y": 434,
            "hp": 400,
            "gold": 863,
            "exp": 30,
            "range": 40,
            "attack": 40
        },
        {
            "x": 2110,
            "y": 434,
            "hp": 400,
            "gold": 864,
            "exp": 30,
            "range": 40,
            "attack": 40
        },
        {
            "x": 2172,
            "y": 434,
            "hp": 400,
            "gold": 865,
            "exp": 30,
            "range": 40,
            "attack": 40
        },
        {
            "x": 2234,
            "y": 434,
            "hp": 400,
            "gold": 866,
            "exp": 30,
            "range": 40,
            "attack": 40
        },
        {
            "x": 2462,
            "y": 62,
            "hp": 500,
            "gold": 1118,
            "exp": 30,
            "range": 50,
            "attack": 50
        },
        {
            "x": 2524,
            "y": 62,
            "hp": 500,
            "gold": 1119,
            "exp": 30,
            "range": 50,
            "attack": 50
        },
        {
            "x": 2586,
            "y": 62,
            "hp": 500,
            "gold": 1120,
            "exp": 30,
            "range": 50,
            "attack": 50
        },
        {
            "x": 2648,
            "y": 62,
            "hp": 500,
            "gold": 1121,
            "exp": 30,
            "range": 50,
            "attack": 50
        },
        {
            "x": 2710,
            "y": 62,
            "hp": 500,
            "gold": 1122,
            "exp": 30,
            "range": 50,
            "attack": 50
        },
        {
            "x": 2772,
            "y": 62,
            "hp": 500,
            "gold": 1123,
            "exp": 30,
            "range": 50,
            "attack": 50
        },
        {
            "x": 2834,
            "y": 62,
            "hp": 500,
            "gold": 1124,
            "exp": 30,
            "range": 50,
            "attack": 50
        },
        {
            "x": 2462,
            "y": 124,
            "hp": 500,
            "gold": 1128,
            "exp": 30,
            "range": 50,
            "attack": 50
        },
        {
            "x": 2524,
            "y": 124,
            "hp": 500,
            "gold": 1129,
            "exp": 30,
            "range": 50,
            "attack": 50
        },
        {
            "x": 2586,
            "y": 124,
            "hp": 500,
            "gold": 1130,
            "exp": 30,
            "range": 50,
            "attack": 50
        },
        {
            "x": 2648,
            "y": 124,
            "hp": 500,
            "gold": 1131,
            "exp": 30,
            "range": 50,
            "attack": 50
        },
        {
            "x": 2710,
            "y": 124,
            "hp": 500,
            "gold": 1132,
            "exp": 30,
            "range": 50,
            "attack": 50
        },
        {
            "x": 2772,
            "y": 124,
            "hp": 500,
            "gold": 1133,
            "exp": 30,
            "range": 50,
            "attack": 50
        },
        {
            "x": 2834,
            "y": 124,
            "hp": 500,
            "gold": 1134,
            "exp": 30,
            "range": 50,
            "attack": 50
        },
        {
            "x": 2462,
            "y": 186,
            "hp": 500,
            "gold": 1138,
            "exp": 30,
            "range": 50,
            "attack": 50
        },
        {
            "x": 2524,
            "y": 186,
            "hp": 500,
            "gold": 1139,
            "exp": 30,
            "range": 50,
            "attack": 50
        },
        {
            "x": 2586,
            "y": 186,
            "hp": 500,
            "gold": 1140,
            "exp": 30,
            "range": 50,
            "attack": 50
        },
        {
            "x": 2648,
            "y": 186,
            "hp": 500,
            "gold": 1141,
            "exp": 30,
            "range": 50,
            "attack": 50
        },
        {
            "x": 2710,
            "y": 186,
            "hp": 500,
            "gold": 1142,
            "exp": 30,
            "range": 50,
            "attack": 50
        },
        {
            "x": 2772,
            "y": 186,
            "hp": 500,
            "gold": 1143,
            "exp": 30,
            "range": 50,
            "attack": 50
        },
        {
            "x": 2834,
            "y": 186,
            "hp": 500,
            "gold": 1144,
            "exp": 30,
            "range": 50,
            "attack": 50
        },
        {
            "x": 2462,
            "y": 248,
            "hp": 500,
            "gold": 1148,
            "exp": 30,
            "range": 50,
            "attack": 50
        },
        {
            "x": 2524,
            "y": 248,
            "hp": 500,
            "gold": 1149,
            "exp": 30,
            "range": 50,
            "attack": 50
        },
        {
            "x": 2586,
            "y": 248,
            "hp": 500,
            "gold": 1150,
            "exp": 30,
            "range": 50,
            "attack": 50
        },
        {
            "x": 2648,
            "y": 248,
            "hp": 500,
            "gold": 1151,
            "exp": 30,
            "range": 50,
            "attack": 50
        },
        {
            "x": 2710,
            "y": 248,
            "hp": 500,
            "gold": 1152,
            "exp": 30,
            "range": 50,
            "attack": 50
        },
        {
            "x": 2772,
            "y": 248,
            "hp": 500,
            "gold": 1153,
            "exp": 30,
            "range": 50,
            "attack": 50
        },
        {
            "x": 2834,
            "y": 248,
            "hp": 500,
            "gold": 1154,
            "exp": 30,
            "range": 50,
            "attack": 50
        },
        {
            "x": 2462,
            "y": 310,
            "hp": 500,
            "gold": 1158,
            "exp": 30,
            "range": 50,
            "attack": 50
        },
        {
            "x": 2524,
            "y": 310,
            "hp": 500,
            "gold": 1159,
            "exp": 30,
            "range": 50,
            "attack": 50
        },
        {
            "x": 2586,
            "y": 310,
            "hp": 500,
            "gold": 1160,
            "exp": 30,
            "range": 50,
            "attack": 50
        },
        {
            "x": 2648,
            "y": 310,
            "hp": 500,
            "gold": 1161,
            "exp": 30,
            "range": 50,
            "attack": 50
        },
        {
            "x": 2710,
            "y": 310,
            "hp": 500,
            "gold": 1162,
            "exp": 30,
            "range": 50,
            "attack": 50
        },
        {
            "x": 2772,
            "y": 310,
            "hp": 500,
            "gold": 1163,
            "exp": 30,
            "range": 50,
            "attack": 50
        },
        {
            "x": 2834,
            "y": 310,
            "hp": 500,
            "gold": 1164,
            "exp": 30,
            "range": 50,
            "attack": 50
        },
        {
            "x": 2462,
            "y": 372,
            "hp": 500,
            "gold": 1168,
            "exp": 30,
            "range": 50,
            "attack": 50
        },
        {
            "x": 2524,
            "y": 372,
            "hp": 500,
            "gold": 1169,
            "exp": 30,
            "range": 50,
            "attack": 50
        },
        {
            "x": 2586,
            "y": 372,
            "hp": 500,
            "gold": 1170,
            "exp": 30,
            "range": 50,
            "attack": 50
        },
        {
            "x": 2648,
            "y": 372,
            "hp": 500,
            "gold": 1171,
            "exp": 30,
            "range": 50,
            "attack": 50
        },
        {
            "x": 2710,
            "y": 372,
            "hp": 500,
            "gold": 1172,
            "exp": 30,
            "range": 50,
            "attack": 50
        },
        {
            "x": 2772,
            "y": 372,
            "hp": 500,
            "gold": 1173,
            "exp": 30,
            "range": 50,
            "attack": 50
        },
        {
            "x": 2834,
            "y": 372,
            "hp": 500,
            "gold": 1174,
            "exp": 30,
            "range": 50,
            "attack": 50
        },
        {
            "x": 2462,
            "y": 434,
            "hp": 500,
            "gold": 1178,
            "exp": 30,
            "range": 50,
            "attack": 50
        },
        {
            "x": 2524,
            "y": 434,
            "hp": 500,
            "gold": 1179,
            "exp": 30,
            "range": 50,
            "attack": 50
        },
        {
            "x": 2586,
            "y": 434,
            "hp": 500,
            "gold": 1180,
            "exp": 30,
            "range": 50,
            "attack": 50
        },
        {
            "x": 2648,
            "y": 434,
            "hp": 500,
            "gold": 1181,
            "exp": 30,
            "range": 50,
            "attack": 50
        },
        {
            "x": 2710,
            "y": 434,
            "hp": 500,
            "gold": 1182,
            "exp": 30,
            "range": 50,
            "attack": 50
        },
        {
            "x": 2772,
            "y": 434,
            "hp": 500,
            "gold": 1183,
            "exp": 30,
            "range": 50,
            "attack": 50
        },
        {
            "x": 2834,
            "y": 434,
            "hp": 500,
            "gold": 1184,
            "exp": 30,
            "range": 50,
            "attack": 50
        }
    ]
}